case_id,seed_quote_id,book_id,chapter,candidate_book_id,candidate_chapter,mutation_type,ground_truth,canonical_text,candidate_text,raw_exact,normalized_exact,full_similarity,partial_similarity,length_ratio,containment,jaro_winkler,char_bigram_dice,experimental_prediction,experimental_rule,notes
C0001_D1_exact,1,1,synthetic:1:0,1,synthetic:1:0,D1_exact,DUPLICATE,"我很伤心，不是因为她冲我大声嚷嚷，而是因为我知道那是托尼·加德纳的唱片，我知道那张唱片对她来说多么重要。我还知道从此以后，当加德纳轻声吟唱那些美国歌曲时，唱片就会发出""嗞嗞""的声音。","我很伤心，不是因为她冲我大声嚷嚷，而是因为我知道那是托尼·加德纳的唱片，我知道那张唱片对她来说多么重要。我还知道从此以后，当加德纳轻声吟唱那些美国歌曲时，唱片就会发出""嗞嗞""的声音。",true,true,1,1,1,true,1,1,likely_duplicate,exp_v0_research_only_2026-10-02: exact/normalized_exact,exact copy baseline
C0002_D1_exact,2,1,synthetic:1:0,1,synthetic:1:0,D1_exact,DUPLICATE,"我说我不想叨扰他，可是加德纳先生的语气里有丝丝温和的坚持。""不会，不会，坐下。你刚才说你母亲喜欢我的唱片。""","我说我不想叨扰他，可是加德纳先生的语气里有丝丝温和的坚持。""不会，不会，坐下。你刚才说你母亲喜欢我的唱片。""",true,true,1,1,1,true,1,1,likely_duplicate,exp_v0_research_only_2026-10-02: exact/normalized_exact,exact copy baseline
C0003_D1_exact,14,2,synthetic:2:0,2,synthetic:2:0,D1_exact,DUPLICATE,他如同一个吃得太多、喝得太撑之人，想要将一切在痛苦中呕吐出去，只为换来一丝解脱。他渴望以一场巨大的呕吐，将所有的欢愉、所有的习性、这荒唐无意的生活，连同他自己一并抛洒、清空。,他如同一个吃得太多、喝得太撑之人，想要将一切在痛苦中呕吐出去，只为换来一丝解脱。他渴望以一场巨大的呕吐，将所有的欢愉、所有的习性、这荒唐无意的生活，连同他自己一并抛洒、清空。,true,true,1,1,1,true,1,1,likely_duplicate,exp_v0_research_only_2026-10-02: exact/normalized_exact,exact copy baseline
C0004_D1_exact,16,2,synthetic:2:0,2,synthetic:2:0,D1_exact,DUPLICATE,他深深陷入了轮回之流，四面八方的厌恶与死亡被他吸收殆尽，就像一块吸满了水的海绵。他满是倦怠，满是苦痛，满是死亡。,他深深陷入了轮回之流，四面八方的厌恶与死亡被他吸收殆尽，就像一块吸满了水的海绵。他满是倦怠，满是苦痛，满是死亡。,true,true,1,1,1,true,1,1,likely_duplicate,exp_v0_research_only_2026-10-02: exact/normalized_exact,exact copy baseline
C0005_D1_exact,63,4,synthetic:4:1,4,synthetic:4:1,D1_exact,DUPLICATE,他们决定，他们将在这里，在厨房里等到天黑。弗塔基把一把椅子拉到窗户跟前，眼睛盯着街对面的房子。施密特的困意上来了，趴在桌子上开始打起呼噜，妇人则从餐具柜后面拉出一只带铁箍的军用木箱，掸掉上面的灰尘，将箱子里面也擦拭干净，随后开始一声不响往箱子里装他们的衣物。,他们决定，他们将在这里，在厨房里等到天黑。弗塔基把一把椅子拉到窗户跟前，眼睛盯着街对面的房子。施密特的困意上来了，趴在桌子上开始打起呼噜，妇人则从餐具柜后面拉出一只带铁箍的军用木箱，掸掉上面的灰尘，将箱子里面也擦拭干净，随后开始一声不响往箱子里装他们的衣物。,true,true,1,1,1,true,1,1,likely_duplicate,exp_v0_research_only_2026-10-02: exact/normalized_exact,exact copy baseline
C0006_D1_exact,66,4,synthetic:4:1,4,synthetic:4:1,D1_exact,DUPLICATE,"施密特从风雨衣的内侧口袋里掏出一个用麻绳捆着、塞得鼓鼓囊囊、已被汗水浸湿的信封。""等一下，""施密特夫人喊住丈夫，迅速用一块搌布把桌面擦干净，""现在行了。""","施密特从风雨衣的内侧口袋里掏出一个用麻绳捆着、塞得鼓鼓囊囊、已被汗水浸湿的信封。""等一下，""施密特夫人喊住丈夫，迅速用一块搌布把桌面擦干净，""现在行了。""",true,true,1,1,1,true,1,1,likely_duplicate,exp_v0_research_only_2026-10-02: exact/normalized_exact,exact copy baseline
C0007_D1_exact,192,7,synthetic:7:4,7,synthetic:7:4,D1_exact,DUPLICATE,因此，这位主人公所具有的双重身份就显得意味深长：“他既是时代的控诉者，又是被时代和历史所控诉的对象。”,因此，这位主人公所具有的双重身份就显得意味深长：“他既是时代的控诉者，又是被时代和历史所控诉的对象。”,true,true,1,1,1,true,1,1,likely_duplicate,exp_v0_research_only_2026-10-02: exact/normalized_exact,exact copy baseline
C0008_D1_exact,210,7,synthetic:7:5,7,synthetic:7:5,D1_exact,DUPLICATE,因他之故，我想必能得上苍宽恕诸多过错。,因他之故，我想必能得上苍宽恕诸多过错。,true,true,1,1,1,true,1,1,likely_duplicate,exp_v0_research_only_2026-10-02: exact/normalized_exact,exact copy baseline
C0009_D1_exact,217,7,synthetic:7:5,7,synthetic:7:5,D1_exact,DUPLICATE,这种笔调胜过千言万语的辩解，瞬间就让他们明白，对于“昨日那些不堪回首的往事”，我持一种超然物外的态度。我绝非如诸位所想象的那般被打击得魂飞魄散，相反，我以一个懂得自重的绅士所应有的从容与淡定来看待此事。,这种笔调胜过千言万语的辩解，瞬间就让他们明白，对于“昨日那些不堪回首的往事”，我持一种超然物外的态度。我绝非如诸位所想象的那般被打击得魂飞魄散，相反，我以一个懂得自重的绅士所应有的从容与淡定来看待此事。,true,true,1,1,1,true,1,1,likely_duplicate,exp_v0_research_only_2026-10-02: exact/normalized_exact,exact copy baseline
C0010_D1_exact,445,9,synthetic:9:11,9,synthetic:9:11,D1_exact,DUPLICATE,“是六天九小时二十七分。​”飞船修正道。,“是六天九小时二十七分。​”飞船修正道。,true,true,1,1,1,true,1,1,likely_duplicate,exp_v0_research_only_2026-10-02: exact/normalized_exact,exact copy baseline
C0011_D1_exact,475,9,synthetic:9:11,9,synthetic:9:11,D1_exact,DUPLICATE,我静静地在那儿坐了片刻，最后说道：“数十亿人尽可以做他们想做的，但我的生命对我来说很重要。我只是想让它……属于我自己。”,我静静地在那儿坐了片刻，最后说道：“数十亿人尽可以做他们想做的，但我的生命对我来说很重要。我只是想让它……属于我自己。”,true,true,1,1,1,true,1,1,likely_duplicate,exp_v0_research_only_2026-10-02: exact/normalized_exact,exact copy baseline
C0012_D1_exact,547,9,synthetic:9:13,9,synthetic:9:13,D1_exact,DUPLICATE,他们脚底下的“手掌”颤动着，朝下坠落五米，几乎将他们颠进空中，然后再次颤动起来。耳畔传来一阵隆隆声，好似巨型建筑倒塌，又好似山坡发生了雪崩。 布劳恩很明显地感觉到，云门是在笑。,他们脚底下的“手掌”颤动着，朝下坠落五米，几乎将他们颠进空中，然后再次颤动起来。耳畔传来一阵隆隆声，好似巨型建筑倒塌，又好似山坡发生了雪崩。 布劳恩很明显地感觉到，云门是在笑。,true,true,1,1,1,true,1,1,likely_duplicate,exp_v0_research_only_2026-10-02: exact/normalized_exact,exact copy baseline
C0013_D1_exact,583,10,synthetic:10:14,10,synthetic:10:14,D1_exact,DUPLICATE,大自然并不惮于将其自身呈现给他们。,大自然并不惮于将其自身呈现给他们。,true,true,1,1,1,true,1,1,likely_duplicate,exp_v0_research_only_2026-10-02: exact/normalized_exact,exact copy baseline
C0014_D1_exact,600,10,synthetic:10:15,10,synthetic:10:15,D1_exact,DUPLICATE,他有时候会大声说：“我好喜欢聊天啊！天啊，我可以聊一整天！”,他有时候会大声说：“我好喜欢聊天啊！天啊，我可以聊一整天！”,true,true,1,1,1,true,1,1,likely_duplicate,exp_v0_research_only_2026-10-02: exact/normalized_exact,exact copy baseline
C0015_D1_exact,602,10,synthetic:10:15,10,synthetic:10:15,D1_exact,DUPLICATE,我离镇区的距离倒是能够帮我筛选朋友呢。我在孤寂的大海中已经航行了很远，应酬的江河虽然汇入这片汪洋，但能够在我身边积聚的，基本上都是最优秀的沉淀物，这是很符合我个人的需要的。,我离镇区的距离倒是能够帮我筛选朋友呢。我在孤寂的大海中已经航行了很远，应酬的江河虽然汇入这片汪洋，但能够在我身边积聚的，基本上都是最优秀的沉淀物，这是很符合我个人的需要的。,true,true,1,1,1,true,1,1,likely_duplicate,exp_v0_research_only_2026-10-02: exact/normalized_exact,exact copy baseline
C0016_D1_exact,656,11,synthetic:11:16,11,synthetic:11:16,D1_exact,DUPLICATE,“不过，当然了，这也并不意味着偶尔就不会有这种的时候—在极其孤独的时刻—你会想要对自己说：‘我的人生中犯了个多么可怕的错误。’而且你会开始想象一种不同的生活，一种你原本可能拥有的更好的生活。,“不过，当然了，这也并不意味着偶尔就不会有这种的时候—在极其孤独的时刻—你会想要对自己说：‘我的人生中犯了个多么可怕的错误。’而且你会开始想象一种不同的生活，一种你原本可能拥有的更好的生活。,true,true,1,1,1,true,1,1,likely_duplicate,exp_v0_research_only_2026-10-02: exact/normalized_exact,exact copy baseline
C0017_D1_exact,729,11,synthetic:11:18,11,synthetic:11:18,D1_exact,DUPLICATE,她开始走上楼梯，但我又叫住她，跟她说：​“肯顿小姐，请别把我此刻不肯马上上楼去为家父送终看作不近人情之举。您知道，我相信家父也会希望我现在履行好自己的职责。​”,她开始走上楼梯，但我又叫住她，跟她说：​“肯顿小姐，请别把我此刻不肯马上上楼去为家父送终看作不近人情之举。您知道，我相信家父也会希望我现在履行好自己的职责。​”,true,true,1,1,1,true,1,1,likely_duplicate,exp_v0_research_only_2026-10-02: exact/normalized_exact,exact copy baseline
C0018_D1_exact,788,12,synthetic:12:19,12,synthetic:12:19,D1_exact,DUPLICATE,后来，加缪又在《局外人》英译本的序言中，对这个人物作出一连串的赞词：“他不耍花招，从这个意义上说，他是他所生活的那个社会里的局外人”，“他拒绝说谎……是什么，他就说是什么。他拒绝矫饰自己的感情，于是社会就感到受到了威胁”，“他是穷人，是坦诚的人，喜爱光明正大”，“一个无任何英雄行为而自愿为真理而死的人”。,后来，加缪又在《局外人》英译本的序言中，对这个人物作出一连串的赞词：“他不耍花招，从这个意义上说，他是他所生活的那个社会里的局外人”，“他拒绝说谎……是什么，他就说是什么。他拒绝矫饰自己的感情，于是社会就感到受到了威胁”，“他是穷人，是坦诚的人，喜爱光明正大”，“一个无任何英雄行为而自愿为真理而死的人”。,true,true,1,1,1,true,1,1,likely_duplicate,exp_v0_research_only_2026-10-02: exact/normalized_exact,exact copy baseline
C0019_D1_exact,802,12,synthetic:12:20,12,synthetic:12:20,D1_exact,DUPLICATE,。我正要请他离开，不要再管我，他却转身向我，突然大声叫嚷了起来：“不，我不信您的话，我确信您曾经盼望过另外一种生活。,。我正要请他离开，不要再管我，他却转身向我，突然大声叫嚷了起来：“不，我不信您的话，我确信您曾经盼望过另外一种生活。,true,true,1,1,1,true,1,1,likely_duplicate,exp_v0_research_only_2026-10-02: exact/normalized_exact,exact copy baseline
C0020_D1_exact,890,13,synthetic:13:22,13,synthetic:13:22,D1_exact,DUPLICATE,这个系统会分析：“这是适合领略美的环境吗？如果是，那就欣赏吧；如果不是，那就忽略吧。”但这样就圆满了吗？这就是人们谈论的“辅助性成熟”吗？,这个系统会分析：“这是适合领略美的环境吗？如果是，那就欣赏吧；如果不是，那就忽略吧。”但这样就圆满了吗？这就是人们谈论的“辅助性成熟”吗？,true,true,1,1,1,true,1,1,likely_duplicate,exp_v0_research_only_2026-10-02: exact/normalized_exact,exact copy baseline
C0021_D1_exact,898,13,synthetic:13:22,13,synthetic:13:22,D1_exact,DUPLICATE,地狱的主要惩罚是对生前没有信仰上帝的悔恨,地狱的主要惩罚是对生前没有信仰上帝的悔恨,true,true,1,1,1,true,1,1,likely_duplicate,exp_v0_research_only_2026-10-02: exact/normalized_exact,exact copy baseline
C0022_D1_exact,1160,17,synthetic:17:29,17,synthetic:17:29,D1_exact,DUPLICATE,舞台的布景，晚上看起来是那样的辉煌动人，白天阳光一照，却成了一幅拙劣的绘画。生活中也往往出现类似的现象。,舞台的布景，晚上看起来是那样的辉煌动人，白天阳光一照，却成了一幅拙劣的绘画。生活中也往往出现类似的现象。,true,true,1,1,1,true,1,1,likely_duplicate,exp_v0_research_only_2026-10-02: exact/normalized_exact,exact copy baseline
C0023_D1_exact,1185,17,synthetic:17:29,17,synthetic:17:29,D1_exact,DUPLICATE,这些群众听到这蒸汽呼哨出来的歌声，个个兴奋得不能自制，美国人大声呼叫：“呼啦！”德国人高喊：“啊嘿！”墨西哥人则是叫着：“哎，维瓦！”卡菲拉人高兴得像野兽得到美味那样狂呼乱叫。,这些群众听到这蒸汽呼哨出来的歌声，个个兴奋得不能自制，美国人大声呼叫：“呼啦！”德国人高喊：“啊嘿！”墨西哥人则是叫着：“哎，维瓦！”卡菲拉人高兴得像野兽得到美味那样狂呼乱叫。,true,true,1,1,1,true,1,1,likely_duplicate,exp_v0_research_only_2026-10-02: exact/normalized_exact,exact copy baseline
C0024_D1_exact,1248,19,synthetic:19:31,19,synthetic:19:31,D1_exact,DUPLICATE,“我们在《唐璜》的最后一幕，莱波雷洛￼已经跪下。出色的一幕，音乐也值得一听。其中还有各种人性的意味，但仍能感受到彼岸的气息。比如那笑声——不是吗？”,“我们在《唐璜》的最后一幕，莱波雷洛￼已经跪下。出色的一幕，音乐也值得一听。其中还有各种人性的意味，但仍能感受到彼岸的气息。比如那笑声——不是吗？”,true,true,1,1,1,true,1,1,likely_duplicate,exp_v0_research_only_2026-10-02: exact/normalized_exact,exact copy baseline
C0025_D1_exact,1273,19,synthetic:19:31,19,synthetic:19:31,D1_exact,DUPLICATE,浮士德曾说过一句教师们十分熟悉，庸人们分外赞赏的话：“啊，我胸中住着两个灵魂！”但他忘了，他胸中还住着梅菲斯特和一大群其他灵魂。我们的荒原狼也认为他胸中住着两个灵魂（狼和人），还认为他的胸膛因此拥挤不堪。一个人的胸膛、身躯向来只有一个，但居住其中的，却绝不止两个或五个灵魂，而是无数个灵魂。,浮士德曾说过一句教师们十分熟悉，庸人们分外赞赏的话：“啊，我胸中住着两个灵魂！”但他忘了，他胸中还住着梅菲斯特和一大群其他灵魂。我们的荒原狼也认为他胸中住着两个灵魂（狼和人），还认为他的胸膛因此拥挤不堪。一个人的胸膛、身躯向来只有一个，但居住其中的，却绝不止两个或五个灵魂，而是无数个灵魂。,true,true,1,1,1,true,1,1,likely_duplicate,exp_v0_research_only_2026-10-02: exact/normalized_exact,exact copy baseline
C0026_D1_exact,1288,20,weread:15,20,weread:15,D1_exact,DUPLICATE,恋人和诗人对爱的力量怀有永恒的信念，认为它比死亡还要持久，但那句千百年来一直缠着我们不放的“生命虽尽，爱犹未尽”，实际上不过是一句谎言。这句谎言只是徒劳无益，并非荒唐可笑。,恋人和诗人对爱的力量怀有永恒的信念，认为它比死亡还要持久，但那句千百年来一直缠着我们不放的“生命虽尽，爱犹未尽”，实际上不过是一句谎言。这句谎言只是徒劳无益，并非荒唐可笑。,true,true,1,1,1,true,1,1,likely_duplicate,exp_v0_research_only_2026-10-02: exact/normalized_exact,exact copy baseline
C0027_D1_exact,1313,20,weread:2,20,weread:2,D1_exact,DUPLICATE,我什么时候起飞？”我问道，一边听到一种沙沙的响声，就好像细沙落在膜片上的声音。,我什么时候起飞？”我问道，一边听到一种沙沙的响声，就好像细沙落在膜片上的声音。,true,true,1,1,1,true,1,1,likely_duplicate,exp_v0_research_only_2026-10-02: exact/normalized_exact,exact copy baseline
C0028_D1_exact,1317,5,weread:16,5,weread:16,D1_exact,DUPLICATE,书是一种点状的、粉末状的物质。在洋洋洒洒的文字之中，读者只能注意到最小的片断、词组、譬喻、句法联系、逻辑关系，以及具有丰富涵义的词汇特点。这些东西好比构成作品核心的基本粒子,书是一种点状的、粉末状的物质。在洋洋洒洒的文字之中，读者只能注意到最小的片断、词组、譬喻、句法联系、逻辑关系，以及具有丰富涵义的词汇特点。这些东西好比构成作品核心的基本粒子,true,true,1,1,1,true,1,1,likely_duplicate,exp_v0_research_only_2026-10-02: exact/normalized_exact,exact copy baseline
C0029_D1_exact,1337,5,weread:13,5,weread:13,D1_exact,DUPLICATE,用她的话说，理想的作家就是像“南瓜秧子结南瓜”一样创作的作家。她还用了一些别的顺应自然过程的隐喻，像风沿山坡走、潮水有涨落、年轮不瞒树龄等。,用她的话说，理想的作家就是像“南瓜秧子结南瓜”一样创作的作家。她还用了一些别的顺应自然过程的隐喻，像风沿山坡走、潮水有涨落、年轮不瞒树龄等。,true,true,1,1,1,true,1,1,likely_duplicate,exp_v0_research_only_2026-10-02: exact/normalized_exact,exact copy baseline
C0030_D1_exact,1401,5,synthetic:5:35,5,synthetic:5:35,D1_exact,DUPLICATE,柳德米拉,柳德米拉,true,true,1,1,1,true,1,1,likely_duplicate,exp_v0_research_only_2026-10-02: exact/normalized_exact,exact copy baseline
C0031_D2_whitespace,1,1,synthetic:1:0,1,synthetic:1:0,D2_whitespace,DUPLICATE,"我很伤心，不是因为她冲我大声嚷嚷，而是因为我知道那是托尼·加德纳的唱片，我知道那张唱片对她来说多么重要。我还知道从此以后，当加德纳轻声吟唱那些美国歌曲时，唱片就会发出""嗞嗞""的声音。","我很伤心， 不是因为她冲我大声嚷嚷， 而是因为我知道那是托尼·加德纳的唱片， 我知道那张唱片对她来说多么重要。我还知道从此以后， 当加德纳轻声吟唱那些美国歌曲时， 唱片就会发出""嗞嗞""的声音。",false,false,0.9479,0.9022,0.9479,false,0.9896,0.9189,likely_duplicate,exp_v0_research_only_2026-10-02: high full/partial band,whitespace kind=1
C0032_D2_whitespace,2,1,synthetic:1:0,1,synthetic:1:0,D2_whitespace,DUPLICATE,"我说我不想叨扰他，可是加德纳先生的语气里有丝丝温和的坚持。""不会，不会，坐下。你刚才说你母亲喜欢我的唱片。""","我说我不想叨扰他，可是加德纳先生的语气里有丝丝温和的坚持。
""不会，不会，坐下。
你刚才说你母亲喜欢我的唱片。
""",false,false,0.9636,0.9444,0.9636,false,0.9927,0.9434,likely_duplicate,exp_v0_research_only_2026-10-02: high full/partial band,whitespace kind=2
C0033_D2_whitespace,14,2,synthetic:2:0,2,synthetic:2:0,D2_whitespace,DUPLICATE,他如同一个吃得太多、喝得太撑之人，想要将一切在痛苦中呕吐出去，只为换来一丝解脱。他渴望以一场巨大的呕吐，将所有的欢愉、所有的习性、这荒唐无意的生活，连同他自己一并抛洒、清空。,"他如同一个吃得太多、喝得太撑之人，想要将一切在痛苦中呕吐出去，只为换来一丝解脱。
他渴望以一场巨大的呕吐，将所有的欢愉、所有的习性、这荒唐无意的生活，连同他自己一并抛洒、清空。
",false,false,0.9886,0.9886,0.9886,false,0.9977,0.9827,likely_duplicate,exp_v0_research_only_2026-10-02: high full/partial band,whitespace kind=2
C0034_D2_whitespace,16,2,synthetic:2:0,2,synthetic:2:0,D2_whitespace,DUPLICATE,他深深陷入了轮回之流，四面八方的厌恶与死亡被他吸收殆尽，就像一块吸满了水的海绵。他满是倦怠，满是苦痛，满是死亡。,他深深陷入了轮回之流， 四面八方的厌恶与死亡被他吸收殆尽， 就像一块吸满了水的海绵。他满是倦怠， 满是苦痛， 满是死亡。,false,false,0.9333,0.8772,0.9333,false,0.9867,0.8947,likely_duplicate,exp_v0_research_only_2026-10-02: high full/partial band,whitespace kind=1
C0035_D2_whitespace,63,4,synthetic:4:1,4,synthetic:4:1,D2_whitespace,DUPLICATE,他们决定，他们将在这里，在厨房里等到天黑。弗塔基把一把椅子拉到窗户跟前，眼睛盯着街对面的房子。施密特的困意上来了，趴在桌子上开始打起呼噜，妇人则从餐具柜后面拉出一只带铁箍的军用木箱，掸掉上面的灰尘，将箱子里面也擦拭干净，随后开始一声不响往箱子里装他们的衣物。,  他们决定，他们将在这里，在厨房里等到天黑。弗塔基把一把椅子拉到窗户跟前，眼睛盯着街对面的房子。施密特的困意上来了，趴在桌子上开始打起呼噜，妇人则从餐具柜后面拉出一只带铁箍的军用木箱，掸掉上面的灰尘，将箱子里面也擦拭干净，随后开始一声不响往箱子里装他们的衣物。  ,false,true,1,1,1,true,1,1,likely_duplicate,exp_v0_research_only_2026-10-02: exact/normalized_exact,whitespace kind=0
C0036_D2_whitespace,66,4,synthetic:4:1,4,synthetic:4:1,D2_whitespace,DUPLICATE,"施密特从风雨衣的内侧口袋里掏出一个用麻绳捆着、塞得鼓鼓囊囊、已被汗水浸湿的信封。""等一下，""施密特夫人喊住丈夫，迅速用一块搌布把桌面擦干净，""现在行了。""","  施密特从风雨衣的内侧口袋里掏出一个用麻绳捆着、塞得鼓鼓囊囊、已被汗水浸湿的信封。""等一下，""施密特夫人喊住丈夫，迅速用一块搌布把桌面擦干净，""现在行了。""  ",false,true,1,1,1,true,1,1,likely_duplicate,exp_v0_research_only_2026-10-02: exact/normalized_exact,whitespace kind=0
C0037_D2_whitespace,192,7,synthetic:7:4,7,synthetic:7:4,D2_whitespace,DUPLICATE,因此，这位主人公所具有的双重身份就显得意味深长：“他既是时代的控诉者，又是被时代和历史所控诉的对象。”,  因此，这位主人公所具有的双重身份就显得意味深长：“他既是时代的控诉者，又是被时代和历史所控诉的对象。”  ,false,true,1,1,1,true,1,1,likely_duplicate,exp_v0_research_only_2026-10-02: exact/normalized_exact,whitespace kind=0
C0038_D2_whitespace,210,7,synthetic:7:5,7,synthetic:7:5,D2_whitespace,DUPLICATE,因他之故，我想必能得上苍宽恕诸多过错。,  因他之故，我想必能得上苍宽恕诸多过错。  ,false,true,1,1,1,true,1,1,likely_duplicate,exp_v0_research_only_2026-10-02: exact/normalized_exact,whitespace kind=0
C0039_D2_whitespace,217,7,synthetic:7:5,7,synthetic:7:5,D2_whitespace,DUPLICATE,这种笔调胜过千言万语的辩解，瞬间就让他们明白，对于“昨日那些不堪回首的往事”，我持一种超然物外的态度。我绝非如诸位所想象的那般被打击得魂飞魄散，相反，我以一个懂得自重的绅士所应有的从容与淡定来看待此事。,这种笔调胜过千言万语的辩解， 瞬间就让他们明白， 对于“昨日那些不堪回首的往事”， 我持一种超然物外的态度。我绝非如诸位所想象的那般被打击得魂飞魄散， 相反， 我以一个懂得自重的绅士所应有的从容与淡定来看待此事。,false,false,0.9528,0.9118,0.9528,false,0.9906,0.9268,likely_duplicate,exp_v0_research_only_2026-10-02: high full/partial band,whitespace kind=1
C0040_D2_whitespace,475,9,synthetic:9:11,9,synthetic:9:11,D2_whitespace,DUPLICATE,我静静地在那儿坐了片刻，最后说道：“数十亿人尽可以做他们想做的，但我的生命对我来说很重要。我只是想让它……属于我自己。”,我静静地在那儿坐了片刻， 最后说道：“数十亿人尽可以做他们想做的， 但我的生命对我来说很重要。我只是想让它……属于我自己。”,false,false,0.9672,0.95,0.9672,false,0.9934,0.9492,likely_duplicate,exp_v0_research_only_2026-10-02: high full/partial band,whitespace kind=1
C0041_D2_whitespace,547,9,synthetic:9:13,9,synthetic:9:13,D2_whitespace,DUPLICATE,他们脚底下的“手掌”颤动着，朝下坠落五米，几乎将他们颠进空中，然后再次颤动起来。耳畔传来一阵隆隆声，好似巨型建筑倒塌，又好似山坡发生了雪崩。 布劳恩很明显地感觉到，云门是在笑。,他们脚底下的“手掌”颤动着， 朝下坠落五米， 几乎将他们颠进空中， 然后再次颤动起来。耳畔传来一阵隆隆声， 好似巨型建筑倒塌， 又好似山坡发生了雪崩。  布劳恩很明显地感觉到， 云门是在笑。,false,false,0.9362,0.8764,0.9362,false,0.9429,0.9,likely_duplicate,exp_v0_research_only_2026-10-02: high full/partial band,whitespace kind=1
C0042_D2_whitespace,600,10,synthetic:10:15,10,synthetic:10:15,D2_whitespace,DUPLICATE,他有时候会大声说：“我好喜欢聊天啊！天啊，我可以聊一整天！”,  他有时候会大声说：“我好喜欢聊天啊！天啊，我可以聊一整天！”  ,false,true,1,1,1,true,1,1,likely_duplicate,exp_v0_research_only_2026-10-02: exact/normalized_exact,whitespace kind=0
C0043_D2_whitespace,602,10,synthetic:10:15,10,synthetic:10:15,D2_whitespace,DUPLICATE,我离镇区的距离倒是能够帮我筛选朋友呢。我在孤寂的大海中已经航行了很远，应酬的江河虽然汇入这片汪洋，但能够在我身边积聚的，基本上都是最优秀的沉淀物，这是很符合我个人的需要的。,"我离镇区的距离倒是能够帮我筛选朋友呢。
我在孤寂的大海中已经航行了很远，应酬的江河虽然汇入这片汪洋，但能够在我身边积聚的，基本上都是最优秀的沉淀物，这是很符合我个人的需要的。
",false,false,0.9885,0.9885,0.9885,false,0.9977,0.9825,likely_duplicate,exp_v0_research_only_2026-10-02: high full/partial band,whitespace kind=2
C0044_D2_whitespace,656,11,synthetic:11:16,11,synthetic:11:16,D2_whitespace,DUPLICATE,“不过，当然了，这也并不意味着偶尔就不会有这种的时候—在极其孤独的时刻—你会想要对自己说：‘我的人生中犯了个多么可怕的错误。’而且你会开始想象一种不同的生活，一种你原本可能拥有的更好的生活。,"“不过，当然了，这也并不意味着偶尔就不会有这种的时候—在极其孤独的时刻—你会想要对自己说：‘我的人生中犯了个多么可怕的错误。
’而且你会开始想象一种不同的生活，一种你原本可能拥有的更好的生活。
",false,false,0.9895,0.9895,0.9895,false,0.9979,0.984,likely_duplicate,exp_v0_research_only_2026-10-02: high full/partial band,whitespace kind=2
C0045_D2_whitespace,729,11,synthetic:11:18,11,synthetic:11:18,D2_whitespace,DUPLICATE,她开始走上楼梯，但我又叫住她，跟她说：​“肯顿小姐，请别把我此刻不肯马上上楼去为家父送终看作不近人情之举。您知道，我相信家父也会希望我现在履行好自己的职责。​”,  她开始走上楼梯，但我又叫住她，跟她说：​“肯顿小姐，请别把我此刻不肯马上上楼去为家父送终看作不近人情之举。您知道，我相信家父也会希望我现在履行好自己的职责。​”  ,false,true,1,1,1,true,1,1,likely_duplicate,exp_v0_research_only_2026-10-02: exact/normalized_exact,whitespace kind=0
C0046_D2_whitespace,788,12,synthetic:12:19,12,synthetic:12:19,D2_whitespace,DUPLICATE,后来，加缪又在《局外人》英译本的序言中，对这个人物作出一连串的赞词：“他不耍花招，从这个意义上说，他是他所生活的那个社会里的局外人”，“他拒绝说谎……是什么，他就说是什么。他拒绝矫饰自己的感情，于是社会就感到受到了威胁”，“他是穷人，是坦诚的人，喜爱光明正大”，“一个无任何英雄行为而自愿为真理而死的人”。,"后来，加缪又在《局外人》英译本的序言中，对这个人物作出一连串的赞词：“他不耍花招，从这个意义上说，他是他所生活的那个社会里的局外人”，“他拒绝说谎……是什么，他就说是什么。
他拒绝矫饰自己的感情，于是社会就感到受到了威胁”，“他是穷人，是坦诚的人，喜爱光明正大”，“一个无任何英雄行为而自愿为真理而死的人”。
",false,false,0.9935,0.9935,0.9935,false,0.9987,0.9902,likely_duplicate,exp_v0_research_only_2026-10-02: high full/partial band,whitespace kind=2
C0047_D2_whitespace,802,12,synthetic:12:20,12,synthetic:12:20,D2_whitespace,DUPLICATE,。我正要请他离开，不要再管我，他却转身向我，突然大声叫嚷了起来：“不，我不信您的话，我确信您曾经盼望过另外一种生活。,。我正要请他离开， 不要再管我， 他却转身向我， 突然大声叫嚷了起来：“不， 我不信您的话， 我确信您曾经盼望过另外一种生活。,false,false,0.9206,0.8475,0.9206,false,0.9841,0.8739,likely_duplicate,exp_v0_research_only_2026-10-02: high full/partial band,whitespace kind=1
C0048_D2_whitespace,890,13,synthetic:13:22,13,synthetic:13:22,D2_whitespace,DUPLICATE,这个系统会分析：“这是适合领略美的环境吗？如果是，那就欣赏吧；如果不是，那就忽略吧。”但这样就圆满了吗？这就是人们谈论的“辅助性成熟”吗？,"这个系统会分析：“这是适合领略美的环境吗？如果是，那就欣赏吧；如果不是，那就忽略吧。
”但这样就圆满了吗？这就是人们谈论的“辅助性成熟”吗？",false,false,0.9857,0.9857,0.9857,false,0.9971,0.9781,likely_duplicate,exp_v0_research_only_2026-10-02: high full/partial band,whitespace kind=2
C0049_D2_whitespace,1160,17,synthetic:17:29,17,synthetic:17:29,D2_whitespace,DUPLICATE,舞台的布景，晚上看起来是那样的辉煌动人，白天阳光一照，却成了一幅拙劣的绘画。生活中也往往出现类似的现象。,"舞台的布景，晚上看起来是那样的辉煌动人，白天阳光一照，却成了一幅拙劣的绘画。
生活中也往往出现类似的现象。
",false,false,0.9811,0.9811,0.9811,false,0.9962,0.9709,likely_duplicate,exp_v0_research_only_2026-10-02: high full/partial band,whitespace kind=2
C0050_D2_whitespace,1185,17,synthetic:17:29,17,synthetic:17:29,D2_whitespace,DUPLICATE,这些群众听到这蒸汽呼哨出来的歌声，个个兴奋得不能自制，美国人大声呼叫：“呼啦！”德国人高喊：“啊嘿！”墨西哥人则是叫着：“哎，维瓦！”卡菲拉人高兴得像野兽得到美味那样狂呼乱叫。,  这些群众听到这蒸汽呼哨出来的歌声，个个兴奋得不能自制，美国人大声呼叫：“呼啦！”德国人高喊：“啊嘿！”墨西哥人则是叫着：“哎，维瓦！”卡菲拉人高兴得像野兽得到美味那样狂呼乱叫。  ,false,true,1,1,1,true,1,1,likely_duplicate,exp_v0_research_only_2026-10-02: exact/normalized_exact,whitespace kind=0
C0051_D2_whitespace,1248,19,synthetic:19:31,19,synthetic:19:31,D2_whitespace,DUPLICATE,“我们在《唐璜》的最后一幕，莱波雷洛￼已经跪下。出色的一幕，音乐也值得一听。其中还有各种人性的意味，但仍能感受到彼岸的气息。比如那笑声——不是吗？”,  “我们在《唐璜》的最后一幕，莱波雷洛￼已经跪下。出色的一幕，音乐也值得一听。其中还有各种人性的意味，但仍能感受到彼岸的气息。比如那笑声——不是吗？”  ,false,true,1,1,1,true,1,1,likely_duplicate,exp_v0_research_only_2026-10-02: exact/normalized_exact,whitespace kind=0
C0052_D2_whitespace,1273,19,synthetic:19:31,19,synthetic:19:31,D2_whitespace,DUPLICATE,浮士德曾说过一句教师们十分熟悉，庸人们分外赞赏的话：“啊，我胸中住着两个灵魂！”但他忘了，他胸中还住着梅菲斯特和一大群其他灵魂。我们的荒原狼也认为他胸中住着两个灵魂（狼和人），还认为他的胸膛因此拥挤不堪。一个人的胸膛、身躯向来只有一个，但居住其中的，却绝不止两个或五个灵魂，而是无数个灵魂。,浮士德曾说过一句教师们十分熟悉， 庸人们分外赞赏的话：“啊， 我胸中住着两个灵魂！”但他忘了， 他胸中还住着梅菲斯特和一大群其他灵魂。我们的荒原狼也认为他胸中住着两个灵魂（狼和人）， 还认为他的胸膛因此拥挤不堪。一个人的胸膛、身躯向来只有一个， 但居住其中的， 却绝不止两个或五个灵魂， 而是无数个灵魂。,false,false,0.9539,0.911,0.9539,false,0.9908,0.9288,likely_duplicate,exp_v0_research_only_2026-10-02: high full/partial band,whitespace kind=1
C0053_D2_whitespace,1288,20,weread:15,20,weread:15,D2_whitespace,DUPLICATE,恋人和诗人对爱的力量怀有永恒的信念，认为它比死亡还要持久，但那句千百年来一直缠着我们不放的“生命虽尽，爱犹未尽”，实际上不过是一句谎言。这句谎言只是徒劳无益，并非荒唐可笑。,恋人和诗人对爱的力量怀有永恒的信念， 认为它比死亡还要持久， 但那句千百年来一直缠着我们不放的“生命虽尽， 爱犹未尽”， 实际上不过是一句谎言。这句谎言只是徒劳无益， 并非荒唐可笑。,false,false,0.9451,0.8966,0.9451,false,0.989,0.9143,likely_duplicate,exp_v0_research_only_2026-10-02: high full/partial band,whitespace kind=1
C0054_D2_whitespace,1313,20,weread:2,20,weread:2,D2_whitespace,DUPLICATE,我什么时候起飞？”我问道，一边听到一种沙沙的响声，就好像细沙落在膜片上的声音。,"我什么时候起飞？”我问道，一边听到一种沙沙的响声，就好像细沙落在膜片上的声音。
",false,true,1,1,1,true,1,1,likely_duplicate,exp_v0_research_only_2026-10-02: exact/normalized_exact,whitespace kind=2
C0055_D2_whitespace,1317,5,weread:16,5,weread:16,D2_whitespace,DUPLICATE,书是一种点状的、粉末状的物质。在洋洋洒洒的文字之中，读者只能注意到最小的片断、词组、譬喻、句法联系、逻辑关系，以及具有丰富涵义的词汇特点。这些东西好比构成作品核心的基本粒子,  书是一种点状的、粉末状的物质。在洋洋洒洒的文字之中，读者只能注意到最小的片断、词组、譬喻、句法联系、逻辑关系，以及具有丰富涵义的词汇特点。这些东西好比构成作品核心的基本粒子  ,false,true,1,1,1,true,1,1,likely_duplicate,exp_v0_research_only_2026-10-02: exact/normalized_exact,whitespace kind=0
C0056_D2_whitespace,1337,5,weread:13,5,weread:13,D2_whitespace,DUPLICATE,用她的话说，理想的作家就是像“南瓜秧子结南瓜”一样创作的作家。她还用了一些别的顺应自然过程的隐喻，像风沿山坡走、潮水有涨落、年轮不瞒树龄等。,"用她的话说，理想的作家就是像“南瓜秧子结南瓜”一样创作的作家。
她还用了一些别的顺应自然过程的隐喻，像风沿山坡走、潮水有涨落、年轮不瞒树龄等。
",false,false,0.9859,0.9859,0.9859,false,0.9972,0.9784,likely_duplicate,exp_v0_research_only_2026-10-02: high full/partial band,whitespace kind=2
C0057_D2_whitespace,1401,5,synthetic:5:35,5,synthetic:5:35,D2_whitespace,DUPLICATE,柳德米拉,  柳德米拉  ,false,true,1,1,1,true,1,1,likely_duplicate,exp_v0_research_only_2026-10-02: exact/normalized_exact,whitespace kind=0
C0058_D3_unicode_width,1,1,synthetic:1:0,1,synthetic:1:0,D3_unicode_width,DUPLICATE,"我很伤心，不是因为她冲我大声嚷嚷，而是因为我知道那是托尼·加德纳的唱片，我知道那张唱片对她来说多么重要。我还知道从此以后，当加德纳轻声吟唱那些美国歌曲时，唱片就会发出""嗞嗞""的声音。","我很伤心，　不是因为她冲我大声嚷嚷，而是因为我知道那是托尼·加德纳的唱片，我知道那张唱片对她来说多么重要。我还知道从此以后，当加德纳轻声吟唱那些美国歌曲时，唱片就会发出""嗞嗞""的声音。",false,false,0.9891,0.9891,0.9891,false,0.9978,0.9834,likely_duplicate,exp_v0_research_only_2026-10-02: high full/partial band,unicode/width formatting noise
C0059_D4_outer_quotes,1,1,synthetic:1:0,1,synthetic:1:0,D4_outer_quotes,DUPLICATE,"我很伤心，不是因为她冲我大声嚷嚷，而是因为我知道那是托尼·加德纳的唱片，我知道那张唱片对她来说多么重要。我还知道从此以后，当加德纳轻声吟唱那些美国歌曲时，唱片就会发出""嗞嗞""的声音。","“我很伤心，不是因为她冲我大声嚷嚷，而是因为我知道那是托尼·加德纳的唱片，我知道那张唱片对她来说多么重要。我还知道从此以后，当加德纳轻声吟唱那些美国歌曲时，唱片就会发出""嗞嗞""的声音。”",false,true,1,1,1,true,1,1,likely_duplicate,exp_v0_research_only_2026-10-02: exact/normalized_exact,add outer Chinese quotes
C0060_D3_unicode_width,14,2,synthetic:2:0,2,synthetic:2:0,D3_unicode_width,DUPLICATE,他如同一个吃得太多、喝得太撑之人，想要将一切在痛苦中呕吐出去，只为换来一丝解脱。他渴望以一场巨大的呕吐，将所有的欢愉、所有的习性、这荒唐无意的生活，连同他自己一并抛洒、清空。,他如同一个吃得太多、　喝得太撑之人，想要将一切在痛苦中呕吐出去，只为换来一丝解脱。他渴望以一场巨大的呕吐，将所有的欢愉、所有的习性、这荒唐无意的生活，连同他自己一并抛洒、清空。,false,false,0.9886,0.9886,0.9886,false,0.9977,0.9827,likely_duplicate,exp_v0_research_only_2026-10-02: high full/partial band,unicode/width formatting noise
C0061_D4_outer_quotes,14,2,synthetic:2:0,2,synthetic:2:0,D4_outer_quotes,DUPLICATE,他如同一个吃得太多、喝得太撑之人，想要将一切在痛苦中呕吐出去，只为换来一丝解脱。他渴望以一场巨大的呕吐，将所有的欢愉、所有的习性、这荒唐无意的生活，连同他自己一并抛洒、清空。,“他如同一个吃得太多、喝得太撑之人，想要将一切在痛苦中呕吐出去，只为换来一丝解脱。他渴望以一场巨大的呕吐，将所有的欢愉、所有的习性、这荒唐无意的生活，连同他自己一并抛洒、清空。”,false,true,1,1,1,true,1,1,likely_duplicate,exp_v0_research_only_2026-10-02: exact/normalized_exact,add outer Chinese quotes
C0062_D3_unicode_width,63,4,synthetic:4:1,4,synthetic:4:1,D3_unicode_width,DUPLICATE,他们决定，他们将在这里，在厨房里等到天黑。弗塔基把一把椅子拉到窗户跟前，眼睛盯着街对面的房子。施密特的困意上来了，趴在桌子上开始打起呼噜，妇人则从餐具柜后面拉出一只带铁箍的军用木箱，掸掉上面的灰尘，将箱子里面也擦拭干净，随后开始一声不响往箱子里装他们的衣物。,他们决定，　他们将在这里，在厨房里等到天黑。弗塔基把一把椅子拉到窗户跟前，眼睛盯着街对面的房子。施密特的困意上来了，趴在桌子上开始打起呼噜，妇人则从餐具柜后面拉出一只带铁箍的军用木箱，掸掉上面的灰尘，将箱子里面也擦拭干净，随后开始一声不响往箱子里装他们的衣物。,false,false,0.9923,0.9923,0.9923,false,0.9985,0.9883,likely_duplicate,exp_v0_research_only_2026-10-02: high full/partial band,unicode/width formatting noise
C0063_D4_outer_quotes,63,4,synthetic:4:1,4,synthetic:4:1,D4_outer_quotes,DUPLICATE,他们决定，他们将在这里，在厨房里等到天黑。弗塔基把一把椅子拉到窗户跟前，眼睛盯着街对面的房子。施密特的困意上来了，趴在桌子上开始打起呼噜，妇人则从餐具柜后面拉出一只带铁箍的军用木箱，掸掉上面的灰尘，将箱子里面也擦拭干净，随后开始一声不响往箱子里装他们的衣物。,“他们决定，他们将在这里，在厨房里等到天黑。弗塔基把一把椅子拉到窗户跟前，眼睛盯着街对面的房子。施密特的困意上来了，趴在桌子上开始打起呼噜，妇人则从餐具柜后面拉出一只带铁箍的军用木箱，掸掉上面的灰尘，将箱子里面也擦拭干净，随后开始一声不响往箱子里装他们的衣物。”,false,true,1,1,1,true,1,1,likely_duplicate,exp_v0_research_only_2026-10-02: exact/normalized_exact,add outer Chinese quotes
C0064_D3_unicode_width,192,7,synthetic:7:4,7,synthetic:7:4,D3_unicode_width,DUPLICATE,因此，这位主人公所具有的双重身份就显得意味深长：“他既是时代的控诉者，又是被时代和历史所控诉的对象。”,因此，　这位主人公所具有的双重身份就显得意味深长：“他既是时代的控诉者，又是被时代和历史所控诉的对象。”,false,false,0.9804,0.9804,0.9804,false,0.9954,0.9697,likely_duplicate,exp_v0_research_only_2026-10-02: high full/partial band,unicode/width formatting noise
C0065_D4_outer_quotes,192,7,synthetic:7:4,7,synthetic:7:4,D4_outer_quotes,DUPLICATE,因此，这位主人公所具有的双重身份就显得意味深长：“他既是时代的控诉者，又是被时代和历史所控诉的对象。”,“因此，这位主人公所具有的双重身份就显得意味深长：“他既是时代的控诉者，又是被时代和历史所控诉的对象。””,false,true,1,1,1,true,1,1,likely_duplicate,exp_v0_research_only_2026-10-02: exact/normalized_exact,add outer Chinese quotes
C0066_D3_unicode_width,217,7,synthetic:7:5,7,synthetic:7:5,D3_unicode_width,DUPLICATE,这种笔调胜过千言万语的辩解，瞬间就让他们明白，对于“昨日那些不堪回首的往事”，我持一种超然物外的态度。我绝非如诸位所想象的那般被打击得魂飞魄散，相反，我以一个懂得自重的绅士所应有的从容与淡定来看待此事。,这种笔调胜过千言万语的辩解，　瞬间就让他们明白，对于“昨日那些不堪回首的往事”，我持一种超然物外的态度。我绝非如诸位所想象的那般被打击得魂飞魄散，相反，我以一个懂得自重的绅士所应有的从容与淡定来看待此事。,false,false,0.9902,0.9902,0.9902,false,0.998,0.9851,likely_duplicate,exp_v0_research_only_2026-10-02: high full/partial band,unicode/width formatting noise
C0067_D4_outer_quotes,217,7,synthetic:7:5,7,synthetic:7:5,D4_outer_quotes,DUPLICATE,这种笔调胜过千言万语的辩解，瞬间就让他们明白，对于“昨日那些不堪回首的往事”，我持一种超然物外的态度。我绝非如诸位所想象的那般被打击得魂飞魄散，相反，我以一个懂得自重的绅士所应有的从容与淡定来看待此事。,“这种笔调胜过千言万语的辩解，瞬间就让他们明白，对于“昨日那些不堪回首的往事”，我持一种超然物外的态度。我绝非如诸位所想象的那般被打击得魂飞魄散，相反，我以一个懂得自重的绅士所应有的从容与淡定来看待此事。”,false,true,1,1,1,true,1,1,likely_duplicate,exp_v0_research_only_2026-10-02: exact/normalized_exact,add outer Chinese quotes
C0068_D3_unicode_width,475,9,synthetic:9:11,9,synthetic:9:11,D3_unicode_width,DUPLICATE,我静静地在那儿坐了片刻，最后说道：“数十亿人尽可以做他们想做的，但我的生命对我来说很重要。我只是想让它……属于我自己。”,我静静地在那儿坐了片刻，　最后说道：“数十亿人尽可以做他们想做的，但我的生命对我来说很重要。我只是想让它……属于我自己。”,false,false,0.9833,0.9833,0.9833,false,0.9967,0.9744,likely_duplicate,exp_v0_research_only_2026-10-02: high full/partial band,unicode/width formatting noise
C0069_D4_outer_quotes,475,9,synthetic:9:11,9,synthetic:9:11,D4_outer_quotes,DUPLICATE,我静静地在那儿坐了片刻，最后说道：“数十亿人尽可以做他们想做的，但我的生命对我来说很重要。我只是想让它……属于我自己。”,“我静静地在那儿坐了片刻，最后说道：“数十亿人尽可以做他们想做的，但我的生命对我来说很重要。我只是想让它……属于我自己。””,false,true,1,1,1,true,1,1,likely_duplicate,exp_v0_research_only_2026-10-02: exact/normalized_exact,add outer Chinese quotes
C0070_D4_outer_quotes,583,10,synthetic:10:14,10,synthetic:10:14,D4_outer_quotes,DUPLICATE,大自然并不惮于将其自身呈现给他们。,“大自然并不惮于将其自身呈现给他们。”,false,true,1,1,1,true,1,1,likely_duplicate,exp_v0_research_only_2026-10-02: exact/normalized_exact,add outer Chinese quotes
C0071_D3_unicode_width,602,10,synthetic:10:15,10,synthetic:10:15,D3_unicode_width,DUPLICATE,我离镇区的距离倒是能够帮我筛选朋友呢。我在孤寂的大海中已经航行了很远，应酬的江河虽然汇入这片汪洋，但能够在我身边积聚的，基本上都是最优秀的沉淀物，这是很符合我个人的需要的。,我离镇区的距离倒是能够帮我筛选朋友呢。我在孤寂的大海中已经航行了很远，　应酬的江河虽然汇入这片汪洋，但能够在我身边积聚的，基本上都是最优秀的沉淀物，这是很符合我个人的需要的。,false,false,0.9885,0.9885,0.9885,false,0.9977,0.9825,likely_duplicate,exp_v0_research_only_2026-10-02: high full/partial band,unicode/width formatting noise
C0072_D4_outer_quotes,602,10,synthetic:10:15,10,synthetic:10:15,D4_outer_quotes,DUPLICATE,我离镇区的距离倒是能够帮我筛选朋友呢。我在孤寂的大海中已经航行了很远，应酬的江河虽然汇入这片汪洋，但能够在我身边积聚的，基本上都是最优秀的沉淀物，这是很符合我个人的需要的。,“我离镇区的距离倒是能够帮我筛选朋友呢。我在孤寂的大海中已经航行了很远，应酬的江河虽然汇入这片汪洋，但能够在我身边积聚的，基本上都是最优秀的沉淀物，这是很符合我个人的需要的。”,false,true,1,1,1,true,1,1,likely_duplicate,exp_v0_research_only_2026-10-02: exact/normalized_exact,add outer Chinese quotes
C0073_D3_unicode_width,729,11,synthetic:11:18,11,synthetic:11:18,D3_unicode_width,DUPLICATE,她开始走上楼梯，但我又叫住她，跟她说：​“肯顿小姐，请别把我此刻不肯马上上楼去为家父送终看作不近人情之举。您知道，我相信家父也会希望我现在履行好自己的职责。​”,她开始走上楼梯，　但我又叫住她，跟她说：​“肯顿小姐，请别把我此刻不肯马上上楼去为家父送终看作不近人情之举。您知道，我相信家父也会希望我现在履行好自己的职责。​”,false,false,0.9875,0.9875,0.9875,false,0.9975,0.9809,likely_duplicate,exp_v0_research_only_2026-10-02: high full/partial band,unicode/width formatting noise
C0074_D4_outer_quotes,729,11,synthetic:11:18,11,synthetic:11:18,D4_outer_quotes,DUPLICATE,她开始走上楼梯，但我又叫住她，跟她说：​“肯顿小姐，请别把我此刻不肯马上上楼去为家父送终看作不近人情之举。您知道，我相信家父也会希望我现在履行好自己的职责。​”,“她开始走上楼梯，但我又叫住她，跟她说：​“肯顿小姐，请别把我此刻不肯马上上楼去为家父送终看作不近人情之举。您知道，我相信家父也会希望我现在履行好自己的职责。​””,false,true,1,1,1,true,1,1,likely_duplicate,exp_v0_research_only_2026-10-02: exact/normalized_exact,add outer Chinese quotes
C0075_D3_unicode_width,802,12,synthetic:12:20,12,synthetic:12:20,D3_unicode_width,DUPLICATE,。我正要请他离开，不要再管我，他却转身向我，突然大声叫嚷了起来：“不，我不信您的话，我确信您曾经盼望过另外一种生活。,。我正要请他离开，　不要再管我，他却转身向我，突然大声叫嚷了起来：“不，我不信您的话，我确信您曾经盼望过另外一种生活。,false,false,0.9831,0.9831,0.9831,false,0.9966,0.9739,likely_duplicate,exp_v0_research_only_2026-10-02: high full/partial band,unicode/width formatting noise
C0076_D4_outer_quotes,802,12,synthetic:12:20,12,synthetic:12:20,D4_outer_quotes,DUPLICATE,。我正要请他离开，不要再管我，他却转身向我，突然大声叫嚷了起来：“不，我不信您的话，我确信您曾经盼望过另外一种生活。,“。我正要请他离开，不要再管我，他却转身向我，突然大声叫嚷了起来：“不，我不信您的话，我确信您曾经盼望过另外一种生活。”,false,true,1,1,1,true,1,1,likely_duplicate,exp_v0_research_only_2026-10-02: exact/normalized_exact,add outer Chinese quotes
C0077_D4_outer_quotes,898,13,synthetic:13:22,13,synthetic:13:22,D4_outer_quotes,DUPLICATE,地狱的主要惩罚是对生前没有信仰上帝的悔恨,“地狱的主要惩罚是对生前没有信仰上帝的悔恨”,false,true,1,1,1,true,1,1,likely_duplicate,exp_v0_research_only_2026-10-02: exact/normalized_exact,add outer Chinese quotes
C0078_D3_unicode_width,1185,17,synthetic:17:29,17,synthetic:17:29,D3_unicode_width,DUPLICATE,这些群众听到这蒸汽呼哨出来的歌声，个个兴奋得不能自制，美国人大声呼叫：“呼啦！”德国人高喊：“啊嘿！”墨西哥人则是叫着：“哎，维瓦！”卡菲拉人高兴得像野兽得到美味那样狂呼乱叫。,这些群众听到这蒸汽呼哨出来的歌声，　个个兴奋得不能自制，美国人大声呼叫：“呼啦！”德国人高喊：“啊嘿！”墨西哥人则是叫着：“哎，维瓦！”卡菲拉人高兴得像野兽得到美味那样狂呼乱叫。,false,false,0.9888,0.9888,0.9888,false,0.9978,0.9829,likely_duplicate,exp_v0_research_only_2026-10-02: high full/partial band,unicode/width formatting noise
C0079_D4_outer_quotes,1185,17,synthetic:17:29,17,synthetic:17:29,D4_outer_quotes,DUPLICATE,这些群众听到这蒸汽呼哨出来的歌声，个个兴奋得不能自制，美国人大声呼叫：“呼啦！”德国人高喊：“啊嘿！”墨西哥人则是叫着：“哎，维瓦！”卡菲拉人高兴得像野兽得到美味那样狂呼乱叫。,“这些群众听到这蒸汽呼哨出来的歌声，个个兴奋得不能自制，美国人大声呼叫：“呼啦！”德国人高喊：“啊嘿！”墨西哥人则是叫着：“哎，维瓦！”卡菲拉人高兴得像野兽得到美味那样狂呼乱叫。”,false,true,1,1,1,true,1,1,likely_duplicate,exp_v0_research_only_2026-10-02: exact/normalized_exact,add outer Chinese quotes
C0080_D3_unicode_width,1273,19,synthetic:19:31,19,synthetic:19:31,D3_unicode_width,DUPLICATE,浮士德曾说过一句教师们十分熟悉，庸人们分外赞赏的话：“啊，我胸中住着两个灵魂！”但他忘了，他胸中还住着梅菲斯特和一大群其他灵魂。我们的荒原狼也认为他胸中住着两个灵魂（狼和人），还认为他的胸膛因此拥挤不堪。一个人的胸膛、身躯向来只有一个，但居住其中的，却绝不止两个或五个灵魂，而是无数个灵魂。,浮士德曾说过一句教师们十分熟悉，　庸人们分外赞赏的话：“啊，我胸中住着两个灵魂！”但他忘了，他胸中还住着梅菲斯特和一大群其他灵魂。我们的荒原狼也认为他胸中住着两个灵魂（狼和人），还认为他的胸膛因此拥挤不堪。一个人的胸膛、身躯向来只有一个，但居住其中的，却绝不止两个或五个灵魂，而是无数个灵魂。,false,false,0.9932,0.9932,0.9932,false,0.9986,0.9896,likely_duplicate,exp_v0_research_only_2026-10-02: high full/partial band,unicode/width formatting noise
C0081_D4_outer_quotes,1273,19,synthetic:19:31,19,synthetic:19:31,D4_outer_quotes,DUPLICATE,浮士德曾说过一句教师们十分熟悉，庸人们分外赞赏的话：“啊，我胸中住着两个灵魂！”但他忘了，他胸中还住着梅菲斯特和一大群其他灵魂。我们的荒原狼也认为他胸中住着两个灵魂（狼和人），还认为他的胸膛因此拥挤不堪。一个人的胸膛、身躯向来只有一个，但居住其中的，却绝不止两个或五个灵魂，而是无数个灵魂。,“浮士德曾说过一句教师们十分熟悉，庸人们分外赞赏的话：“啊，我胸中住着两个灵魂！”但他忘了，他胸中还住着梅菲斯特和一大群其他灵魂。我们的荒原狼也认为他胸中住着两个灵魂（狼和人），还认为他的胸膛因此拥挤不堪。一个人的胸膛、身躯向来只有一个，但居住其中的，却绝不止两个或五个灵魂，而是无数个灵魂。”,false,true,1,1,1,true,1,1,likely_duplicate,exp_v0_research_only_2026-10-02: exact/normalized_exact,add outer Chinese quotes
C0082_D3_unicode_width,1313,20,weread:2,20,weread:2,D3_unicode_width,DUPLICATE,我什么时候起飞？”我问道，一边听到一种沙沙的响声，就好像细沙落在膜片上的声音。,我什么时候起飞？”我问道，　一边听到一种沙沙的响声，就好像细沙落在膜片上的声音。,false,false,0.975,0.975,0.975,false,0.995,0.961,likely_duplicate,exp_v0_research_only_2026-10-02: high full/partial band,unicode/width formatting noise
C0083_D4_outer_quotes,1313,20,weread:2,20,weread:2,D4_outer_quotes,DUPLICATE,我什么时候起飞？”我问道，一边听到一种沙沙的响声，就好像细沙落在膜片上的声音。,“我什么时候起飞？”我问道，一边听到一种沙沙的响声，就好像细沙落在膜片上的声音。”,false,true,1,1,1,true,1,1,likely_duplicate,exp_v0_research_only_2026-10-02: exact/normalized_exact,add outer Chinese quotes
C0084_D3_unicode_width,1337,5,weread:13,5,weread:13,D3_unicode_width,DUPLICATE,用她的话说，理想的作家就是像“南瓜秧子结南瓜”一样创作的作家。她还用了一些别的顺应自然过程的隐喻，像风沿山坡走、潮水有涨落、年轮不瞒树龄等。,用她的话说，　理想的作家就是像“南瓜秧子结南瓜”一样创作的作家。她还用了一些别的顺应自然过程的隐喻，像风沿山坡走、潮水有涨落、年轮不瞒树龄等。,false,false,0.9859,0.9859,0.9859,false,0.9972,0.9784,likely_duplicate,exp_v0_research_only_2026-10-02: high full/partial band,unicode/width formatting noise
C0085_D4_outer_quotes,1337,5,weread:13,5,weread:13,D4_outer_quotes,DUPLICATE,用她的话说，理想的作家就是像“南瓜秧子结南瓜”一样创作的作家。她还用了一些别的顺应自然过程的隐喻，像风沿山坡走、潮水有涨落、年轮不瞒树龄等。,“用她的话说，理想的作家就是像“南瓜秧子结南瓜”一样创作的作家。她还用了一些别的顺应自然过程的隐喻，像风沿山坡走、潮水有涨落、年轮不瞒树龄等。”,false,true,1,1,1,true,1,1,likely_duplicate,exp_v0_research_only_2026-10-02: exact/normalized_exact,add outer Chinese quotes
C0086_D4_outer_quotes,2,1,synthetic:1:0,1,synthetic:1:0,D4_outer_quotes,DUPLICATE,"我说我不想叨扰他，可是加德纳先生的语气里有丝丝温和的坚持。""不会，不会，坐下。你刚才说你母亲喜欢我的唱片。""","我说我不想叨扰他，可是加德纳先生的语气里有丝丝温和的坚持。""不会，不会，坐下。你刚才说你母亲喜欢我的唱片。",false,true,1,1,1,true,1,1,likely_duplicate,exp_v0_research_only_2026-10-02: exact/normalized_exact,remove outer quotes if present
C0087_D4_outer_quotes,475,9,synthetic:9:11,9,synthetic:9:11,D4_outer_quotes,DUPLICATE,我静静地在那儿坐了片刻，最后说道：“数十亿人尽可以做他们想做的，但我的生命对我来说很重要。我只是想让它……属于我自己。”,我静静地在那儿坐了片刻，最后说道：“数十亿人尽可以做他们想做的，但我的生命对我来说很重要。我只是想让它……属于我自己。,false,true,1,1,1,true,1,1,likely_duplicate,exp_v0_research_only_2026-10-02: exact/normalized_exact,remove outer quotes if present
C0088_D4_outer_quotes,600,10,synthetic:10:15,10,synthetic:10:15,D4_outer_quotes,DUPLICATE,他有时候会大声说：“我好喜欢聊天啊！天啊，我可以聊一整天！”,他有时候会大声说：“我好喜欢聊天啊！天啊，我可以聊一整天！,false,true,1,1,1,true,1,1,likely_duplicate,exp_v0_research_only_2026-10-02: exact/normalized_exact,remove outer quotes if present
C0089_D4_outer_quotes,729,11,synthetic:11:18,11,synthetic:11:18,D4_outer_quotes,DUPLICATE,她开始走上楼梯，但我又叫住她，跟她说：​“肯顿小姐，请别把我此刻不肯马上上楼去为家父送终看作不近人情之举。您知道，我相信家父也会希望我现在履行好自己的职责。​”,她开始走上楼梯，但我又叫住她，跟她说：​“肯顿小姐，请别把我此刻不肯马上上楼去为家父送终看作不近人情之举。您知道，我相信家父也会希望我现在履行好自己的职责。​,false,true,1,1,1,true,1,1,likely_duplicate,exp_v0_research_only_2026-10-02: exact/normalized_exact,remove outer quotes if present
C0090_D5_punctuation,1,1,synthetic:1:0,1,synthetic:1:0,D5_punctuation,AMBIGUOUS,"我很伤心，不是因为她冲我大声嚷嚷，而是因为我知道那是托尼·加德纳的唱片，我知道那张唱片对她来说多么重要。我还知道从此以后，当加德纳轻声吟唱那些美国歌曲时，唱片就会发出""嗞嗞""的声音。","我很伤心，不是因为她冲我大声嚷嚷，而是因为我知道那是托尼·加德纳的唱片，我知道那张唱片对她来说多么重要！我还知道从此以后，当加德纳轻声吟唱那些美国歌曲时，唱片就会发出""嗞嗞""的声音。",false,false,0.989,0.989,1,false,0.9534,0.9778,likely_duplicate,exp_v0_research_only_2026-10-02: high full/partial band,。→！ tone risk
C0091_D5_punctuation,16,2,synthetic:2:0,2,synthetic:2:0,D5_punctuation,AMBIGUOUS,他深深陷入了轮回之流，四面八方的厌恶与死亡被他吸收殆尽，就像一块吸满了水的海绵。他满是倦怠，满是苦痛，满是死亡。,他深深陷入了轮回之流，四面八方的厌恶与死亡被他吸收殆尽，就像一块吸满了水的海绵！他满是倦怠，满是苦痛，满是死亡。,false,false,0.9821,0.9821,1,false,0.9638,0.9636,likely_duplicate,exp_v0_research_only_2026-10-02: high full/partial band,。→！ tone risk
C0092_D5_punctuation,192,7,synthetic:7:4,7,synthetic:7:4,D5_punctuation,AMBIGUOUS,因此，这位主人公所具有的双重身份就显得意味深长：“他既是时代的控诉者，又是被时代和历史所控诉的对象。”,因此，这位主人公所具有的双重身份就显得意味深长：“他既是时代的控诉者，又是被时代和历史所控诉的对象！”,false,false,0.98,0.98,1,false,0.992,0.9796,likely_duplicate,exp_v0_research_only_2026-10-02: high full/partial band,。→！ tone risk
C0093_D5_punctuation,445,9,synthetic:9:11,9,synthetic:9:11,D5_punctuation,AMBIGUOUS,“是六天九小时二十七分。​”飞船修正道。,“是六天九小时二十七分！​”飞船修正道。,false,false,0.9474,0.9474,1,false,0.9345,0.8889,likely_duplicate,exp_v0_research_only_2026-10-02: high full/partial band,。→！ tone risk
C0094_D5_punctuation,583,10,synthetic:10:14,10,synthetic:10:14,D5_punctuation,AMBIGUOUS,大自然并不惮于将其自身呈现给他们。,大自然并不惮于将其自身呈现给他们！,false,false,0.9412,0.9412,1,false,0.9765,0.9375,likely_duplicate,exp_v0_research_only_2026-10-02: high full/partial band,。→！ tone risk
C0095_D5_punctuation,656,11,synthetic:11:16,11,synthetic:11:16,D5_punctuation,AMBIGUOUS,“不过，当然了，这也并不意味着偶尔就不会有这种的时候—在极其孤独的时刻—你会想要对自己说：‘我的人生中犯了个多么可怕的错误。’而且你会开始想象一种不同的生活，一种你原本可能拥有的更好的生活。,“不过，当然了，这也并不意味着偶尔就不会有这种的时候—在极其孤独的时刻—你会想要对自己说：‘我的人生中犯了个多么可怕的错误！’而且你会开始想象一种不同的生活，一种你原本可能拥有的更好的生活。,false,false,0.9894,0.9894,1,false,0.9603,0.9785,likely_duplicate,exp_v0_research_only_2026-10-02: high full/partial band,。→！ tone risk
C0096_D5_punctuation,802,12,synthetic:12:20,12,synthetic:12:20,D5_punctuation,AMBIGUOUS,。我正要请他离开，不要再管我，他却转身向我，突然大声叫嚷了起来：“不，我不信您的话，我确信您曾经盼望过另外一种生活。,！我正要请他离开，不要再管我，他却转身向我，突然大声叫嚷了起来：“不，我不信您的话，我确信您曾经盼望过另外一种生活。,false,false,0.9828,0.9828,1,false,0.9885,0.9825,likely_duplicate,exp_v0_research_only_2026-10-02: high full/partial band,。→！ tone risk
C0097_D5_punctuation,1160,17,synthetic:17:29,17,synthetic:17:29,D5_punctuation,AMBIGUOUS,舞台的布景，晚上看起来是那样的辉煌动人，白天阳光一照，却成了一幅拙劣的绘画。生活中也往往出现类似的现象。,舞台的布景，晚上看起来是那样的辉煌动人，白天阳光一照，却成了一幅拙劣的绘画！生活中也往往出现类似的现象。,false,false,0.9808,0.9808,1,false,0.9668,0.9608,likely_duplicate,exp_v0_research_only_2026-10-02: high full/partial band,。→！ tone risk
C0098_D5_punctuation,1273,19,synthetic:19:31,19,synthetic:19:31,D5_punctuation,AMBIGUOUS,浮士德曾说过一句教师们十分熟悉，庸人们分外赞赏的话：“啊，我胸中住着两个灵魂！”但他忘了，他胸中还住着梅菲斯特和一大群其他灵魂。我们的荒原狼也认为他胸中住着两个灵魂（狼和人），还认为他的胸膛因此拥挤不堪。一个人的胸膛、身躯向来只有一个，但居住其中的，却绝不止两个或五个灵魂，而是无数个灵魂。,浮士德曾说过一句教师们十分熟悉，庸人们分外赞赏的话：“啊，我胸中住着两个灵魂！”但他忘了，他胸中还住着梅菲斯特和一大群其他灵魂！我们的荒原狼也认为他胸中住着两个灵魂（狼和人），还认为他的胸膛因此拥挤不堪。一个人的胸膛、身躯向来只有一个，但居住其中的，却绝不止两个或五个灵魂，而是无数个灵魂。,false,false,0.9931,0.9931,1,false,0.941,0.9861,likely_duplicate,exp_v0_research_only_2026-10-02: high full/partial band,。→！ tone risk
C0099_D5_punctuation,1317,5,weread:16,5,weread:16,D5_punctuation,AMBIGUOUS,书是一种点状的、粉末状的物质。在洋洋洒洒的文字之中，读者只能注意到最小的片断、词组、譬喻、句法联系、逻辑关系，以及具有丰富涵义的词汇特点。这些东西好比构成作品核心的基本粒子,书是一种点状的、粉末状的物质！在洋洋洒洒的文字之中，读者只能注意到最小的片断、词组、譬喻、句法联系、逻辑关系，以及具有丰富涵义的词汇特点。这些东西好比构成作品核心的基本粒子,false,false,0.9884,0.9884,1,false,0.9953,0.9765,likely_duplicate,exp_v0_research_only_2026-10-02: high full/partial band,。→！ tone risk
C0100_D6_prefix_expand,1,1,synthetic:1:0,1,synthetic:1:0,D6_prefix_expand,DUPLICATE,"我很伤心，不是因为她冲我大声嚷嚷，而是因为我知道那是托尼·加德纳的唱片，我知道那张唱片对她来说多么重要。我还知道从此以后，当加德纳轻声吟唱那些美国歌曲时，唱片就会发出""嗞嗞""的声音。","他说：“我很伤心，不是因为她冲我大声嚷嚷，而是因为我知道那是托尼·加德纳的唱片，我知道那张唱片对她来说多么重要。我还知道从此以后，当加德纳轻声吟唱那些美国歌曲时，唱片就会发出""嗞嗞""的声音。”",false,false,0.9579,1,0.9579,true,0.9017,0.9783,likely_duplicate,exp_v0_research_only_2026-10-02: high full/partial band,prefix boundary expansion
C0101_D7_suffix_expand,1,1,synthetic:1:0,1,synthetic:1:0,D7_suffix_expand,DUPLICATE,"我很伤心，不是因为她冲我大声嚷嚷，而是因为我知道那是托尼·加德纳的唱片，我知道那张唱片对她来说多么重要。我还知道从此以后，当加德纳轻声吟唱那些美国歌曲时，唱片就会发出""嗞嗞""的声音。","我很伤心，不是因为她冲我大声嚷嚷，而是因为我知道那是托尼·加德纳的唱片，我知道那张唱片对她来说多么重要。我还知道从此以后，当加德纳轻声吟唱那些美国歌曲时，唱片就会发出""嗞嗞""的声音。——他这样想着。",false,false,0.9192,1,0.9192,true,0.9838,0.9574,likely_duplicate,exp_v0_research_only_2026-10-02: high full/partial band,suffix boundary expansion
C0102_D8_prefix_trunc,1,1,synthetic:1:0,1,synthetic:1:0,D8_prefix_trunc,DUPLICATE,"我很伤心，不是因为她冲我大声嚷嚷，而是因为我知道那是托尼·加德纳的唱片，我知道那张唱片对她来说多么重要。我还知道从此以后，当加德纳轻声吟唱那些美国歌曲时，唱片就会发出""嗞嗞""的声音。","心，不是因为她冲我大声嚷嚷，而是因为我知道那是托尼·加德纳的唱片，我知道那张唱片对她来说多么重要。我还知道从此以后，当加德纳轻声吟唱那些美国歌曲时，唱片就会发出""嗞嗞""的声音。",false,false,0.967,1,0.967,true,0.8962,0.9831,likely_duplicate,exp_v0_research_only_2026-10-02: high full/partial band,trim 3 leading chars
C0103_D9_suffix_trunc,1,1,synthetic:1:0,1,synthetic:1:0,D9_suffix_trunc,DUPLICATE,"我很伤心，不是因为她冲我大声嚷嚷，而是因为我知道那是托尼·加德纳的唱片，我知道那张唱片对她来说多么重要。我还知道从此以后，当加德纳轻声吟唱那些美国歌曲时，唱片就会发出""嗞嗞""的声音。","我很伤心，不是因为她冲我大声嚷嚷，而是因为我知道那是托尼·加德纳的唱片，我知道那张唱片对她来说多么重要。我还知道从此以后，当加德纳轻声吟唱那些美国歌曲时，唱片就会发出""嗞嗞""的",false,false,0.967,1,0.967,true,0.9934,0.9831,likely_duplicate,exp_v0_research_only_2026-10-02: high full/partial band,trim 3 trailing chars
C0104_D6_prefix_expand,14,2,synthetic:2:0,2,synthetic:2:0,D6_prefix_expand,DUPLICATE,他如同一个吃得太多、喝得太撑之人，想要将一切在痛苦中呕吐出去，只为换来一丝解脱。他渴望以一场巨大的呕吐，将所有的欢愉、所有的习性、这荒唐无意的生活，连同他自己一并抛洒、清空。,他说：“他如同一个吃得太多、喝得太撑之人，想要将一切在痛苦中呕吐出去，只为换来一丝解脱。他渴望以一场巨大的呕吐，将所有的欢愉、所有的习性、这荒唐无意的生活，连同他自己一并抛洒、清空。”,false,false,0.956,1,0.956,true,0.8558,0.9773,likely_duplicate,exp_v0_research_only_2026-10-02: high full/partial band,prefix boundary expansion
C0105_D7_suffix_expand,14,2,synthetic:2:0,2,synthetic:2:0,D7_suffix_expand,DUPLICATE,他如同一个吃得太多、喝得太撑之人，想要将一切在痛苦中呕吐出去，只为换来一丝解脱。他渴望以一场巨大的呕吐，将所有的欢愉、所有的习性、这荒唐无意的生活，连同他自己一并抛洒、清空。,他如同一个吃得太多、喝得太撑之人，想要将一切在痛苦中呕吐出去，只为换来一丝解脱。他渴望以一场巨大的呕吐，将所有的欢愉、所有的习性、这荒唐无意的生活，连同他自己一并抛洒、清空。——他这样想着。,false,false,0.9158,1,0.9158,true,0.9832,0.9556,likely_duplicate,exp_v0_research_only_2026-10-02: high full/partial band,suffix boundary expansion
C0106_D8_prefix_trunc,14,2,synthetic:2:0,2,synthetic:2:0,D8_prefix_trunc,DUPLICATE,他如同一个吃得太多、喝得太撑之人，想要将一切在痛苦中呕吐出去，只为换来一丝解脱。他渴望以一场巨大的呕吐，将所有的欢愉、所有的习性、这荒唐无意的生活，连同他自己一并抛洒、清空。,一个吃得太多、喝得太撑之人，想要将一切在痛苦中呕吐出去，只为换来一丝解脱。他渴望以一场巨大的呕吐，将所有的欢愉、所有的习性、这荒唐无意的生活，连同他自己一并抛洒、清空。,false,false,0.9655,1,0.9655,true,0.8417,0.9822,likely_duplicate,exp_v0_research_only_2026-10-02: high full/partial band,trim 3 leading chars
C0107_D9_suffix_trunc,14,2,synthetic:2:0,2,synthetic:2:0,D9_suffix_trunc,DUPLICATE,他如同一个吃得太多、喝得太撑之人，想要将一切在痛苦中呕吐出去，只为换来一丝解脱。他渴望以一场巨大的呕吐，将所有的欢愉、所有的习性、这荒唐无意的生活，连同他自己一并抛洒、清空。,他如同一个吃得太多、喝得太撑之人，想要将一切在痛苦中呕吐出去，只为换来一丝解脱。他渴望以一场巨大的呕吐，将所有的欢愉、所有的习性、这荒唐无意的生活，连同他自己一并抛洒、,false,false,0.9655,1,0.9655,true,0.9931,0.9822,likely_duplicate,exp_v0_research_only_2026-10-02: high full/partial band,trim 3 trailing chars
C0108_D6_prefix_expand,63,4,synthetic:4:1,4,synthetic:4:1,D6_prefix_expand,DUPLICATE,他们决定，他们将在这里，在厨房里等到天黑。弗塔基把一把椅子拉到窗户跟前，眼睛盯着街对面的房子。施密特的困意上来了，趴在桌子上开始打起呼噜，妇人则从餐具柜后面拉出一只带铁箍的军用木箱，掸掉上面的灰尘，将箱子里面也擦拭干净，随后开始一声不响往箱子里装他们的衣物。,他说：“他们决定，他们将在这里，在厨房里等到天黑。弗塔基把一把椅子拉到窗户跟前，眼睛盯着街对面的房子。施密特的困意上来了，趴在桌子上开始打起呼噜，妇人则从餐具柜后面拉出一只带铁箍的军用木箱，掸掉上面的灰尘，将箱子里面也擦拭干净，随后开始一声不响往箱子里装他们的衣物。”,false,false,0.9699,1,0.9699,true,0.9852,0.9846,likely_duplicate,exp_v0_research_only_2026-10-02: high full/partial band,prefix boundary expansion
C0109_D7_suffix_expand,63,4,synthetic:4:1,4,synthetic:4:1,D7_suffix_expand,DUPLICATE,他们决定，他们将在这里，在厨房里等到天黑。弗塔基把一把椅子拉到窗户跟前，眼睛盯着街对面的房子。施密特的困意上来了，趴在桌子上开始打起呼噜，妇人则从餐具柜后面拉出一只带铁箍的军用木箱，掸掉上面的灰尘，将箱子里面也擦拭干净，随后开始一声不响往箱子里装他们的衣物。,他们决定，他们将在这里，在厨房里等到天黑。弗塔基把一把椅子拉到窗户跟前，眼睛盯着街对面的房子。施密特的困意上来了，趴在桌子上开始打起呼噜，妇人则从餐具柜后面拉出一只带铁箍的军用木箱，掸掉上面的灰尘，将箱子里面也擦拭干净，随后开始一声不响往箱子里装他们的衣物。——他这样想着。,false,false,0.9416,1,0.9416,true,0.9883,0.9697,likely_duplicate,exp_v0_research_only_2026-10-02: high full/partial band,suffix boundary expansion
C0110_D8_prefix_trunc,63,4,synthetic:4:1,4,synthetic:4:1,D8_prefix_trunc,DUPLICATE,他们决定，他们将在这里，在厨房里等到天黑。弗塔基把一把椅子拉到窗户跟前，眼睛盯着街对面的房子。施密特的困意上来了，趴在桌子上开始打起呼噜，妇人则从餐具柜后面拉出一只带铁箍的军用木箱，掸掉上面的灰尘，将箱子里面也擦拭干净，随后开始一声不响往箱子里装他们的衣物。,定，他们将在这里，在厨房里等到天黑。弗塔基把一把椅子拉到窗户跟前，眼睛盯着街对面的房子。施密特的困意上来了，趴在桌子上开始打起呼噜，妇人则从餐具柜后面拉出一只带铁箍的军用木箱，掸掉上面的灰尘，将箱子里面也擦拭干净，随后开始一声不响往箱子里装他们的衣物。,false,false,0.9767,1,0.9767,true,0.987,0.9881,likely_duplicate,exp_v0_research_only_2026-10-02: high full/partial band,trim 3 leading chars
C0111_D9_suffix_trunc,63,4,synthetic:4:1,4,synthetic:4:1,D9_suffix_trunc,DUPLICATE,他们决定，他们将在这里，在厨房里等到天黑。弗塔基把一把椅子拉到窗户跟前，眼睛盯着街对面的房子。施密特的困意上来了，趴在桌子上开始打起呼噜，妇人则从餐具柜后面拉出一只带铁箍的军用木箱，掸掉上面的灰尘，将箱子里面也擦拭干净，随后开始一声不响往箱子里装他们的衣物。,他们决定，他们将在这里，在厨房里等到天黑。弗塔基把一把椅子拉到窗户跟前，眼睛盯着街对面的房子。施密特的困意上来了，趴在桌子上开始打起呼噜，妇人则从餐具柜后面拉出一只带铁箍的军用木箱，掸掉上面的灰尘，将箱子里面也擦拭干净，随后开始一声不响往箱子里装他们的,false,false,0.9767,1,0.9767,true,0.9953,0.9881,likely_duplicate,exp_v0_research_only_2026-10-02: high full/partial band,trim 3 trailing chars
C0112_D6_prefix_expand,192,7,synthetic:7:4,7,synthetic:7:4,D6_prefix_expand,DUPLICATE,因此，这位主人公所具有的双重身份就显得意味深长：“他既是时代的控诉者，又是被时代和历史所控诉的对象。”,他说：“因此，这位主人公所具有的双重身份就显得意味深长：“他既是时代的控诉者，又是被时代和历史所控诉的对象。””,false,false,0.9259,1,0.9259,true,0.8886,0.9608,likely_duplicate,exp_v0_research_only_2026-10-02: high full/partial band,prefix boundary expansion
C0113_D7_suffix_expand,192,7,synthetic:7:4,7,synthetic:7:4,D7_suffix_expand,DUPLICATE,因此，这位主人公所具有的双重身份就显得意味深长：“他既是时代的控诉者，又是被时代和历史所控诉的对象。”,因此，这位主人公所具有的双重身份就显得意味深长：“他既是时代的控诉者，又是被时代和历史所控诉的对象。”——他这样想着。,false,false,0.8475,1,0.8475,true,0.9695,0.9159,likely_duplicate,exp_v0_research_only_2026-10-02: high full/partial band,suffix boundary expansion
C0114_D8_prefix_trunc,192,7,synthetic:7:4,7,synthetic:7:4,D8_prefix_trunc,DUPLICATE,因此，这位主人公所具有的双重身份就显得意味深长：“他既是时代的控诉者，又是被时代和历史所控诉的对象。”,这位主人公所具有的双重身份就显得意味深长：“他既是时代的控诉者，又是被时代和历史所控诉的对象。”,false,false,0.94,1,0.94,true,0.98,0.9684,likely_duplicate,exp_v0_research_only_2026-10-02: high full/partial band,trim 3 leading chars
C0115_D9_suffix_trunc,192,7,synthetic:7:4,7,synthetic:7:4,D9_suffix_trunc,DUPLICATE,因此，这位主人公所具有的双重身份就显得意味深长：“他既是时代的控诉者，又是被时代和历史所控诉的对象。”,因此，这位主人公所具有的双重身份就显得意味深长：“他既是时代的控诉者，又是被时代和历史所控诉的对,false,false,0.96,1,0.96,true,0.992,0.9792,likely_duplicate,exp_v0_research_only_2026-10-02: high full/partial band,trim 3 trailing chars
C0116_D6_prefix_expand,217,7,synthetic:7:5,7,synthetic:7:5,D6_prefix_expand,DUPLICATE,这种笔调胜过千言万语的辩解，瞬间就让他们明白，对于“昨日那些不堪回首的往事”，我持一种超然物外的态度。我绝非如诸位所想象的那般被打击得魂飞魄散，相反，我以一个懂得自重的绅士所应有的从容与淡定来看待此事。,他说：“这种笔调胜过千言万语的辩解，瞬间就让他们明白，对于“昨日那些不堪回首的往事”，我持一种超然物外的态度。我绝非如诸位所想象的那般被打击得魂飞魄散，相反，我以一个懂得自重的绅士所应有的从容与淡定来看待此事。”,false,false,0.9619,1,0.9619,true,0.9444,0.9804,likely_duplicate,exp_v0_research_only_2026-10-02: high full/partial band,prefix boundary expansion
C0117_D7_suffix_expand,217,7,synthetic:7:5,7,synthetic:7:5,D7_suffix_expand,DUPLICATE,这种笔调胜过千言万语的辩解，瞬间就让他们明白，对于“昨日那些不堪回首的往事”，我持一种超然物外的态度。我绝非如诸位所想象的那般被打击得魂飞魄散，相反，我以一个懂得自重的绅士所应有的从容与淡定来看待此事。,这种笔调胜过千言万语的辩解，瞬间就让他们明白，对于“昨日那些不堪回首的往事”，我持一种超然物外的态度。我绝非如诸位所想象的那般被打击得魂飞魄散，相反，我以一个懂得自重的绅士所应有的从容与淡定来看待此事。——他这样想着。,false,false,0.9266,1,0.9266,true,0.9853,0.9615,likely_duplicate,exp_v0_research_only_2026-10-02: high full/partial band,suffix boundary expansion
C0118_D8_prefix_trunc,217,7,synthetic:7:5,7,synthetic:7:5,D8_prefix_trunc,DUPLICATE,这种笔调胜过千言万语的辩解，瞬间就让他们明白，对于“昨日那些不堪回首的往事”，我持一种超然物外的态度。我绝非如诸位所想象的那般被打击得魂飞魄散，相反，我以一个懂得自重的绅士所应有的从容与淡定来看待此事。,调胜过千言万语的辩解，瞬间就让他们明白，对于“昨日那些不堪回首的往事”，我持一种超然物外的态度。我绝非如诸位所想象的那般被打击得魂飞魄散，相反，我以一个懂得自重的绅士所应有的从容与淡定来看待此事。,false,false,0.9703,1,0.9703,true,0.9221,0.9848,likely_duplicate,exp_v0_research_only_2026-10-02: high full/partial band,trim 3 leading chars
C0119_D9_suffix_trunc,217,7,synthetic:7:5,7,synthetic:7:5,D9_suffix_trunc,DUPLICATE,这种笔调胜过千言万语的辩解，瞬间就让他们明白，对于“昨日那些不堪回首的往事”，我持一种超然物外的态度。我绝非如诸位所想象的那般被打击得魂飞魄散，相反，我以一个懂得自重的绅士所应有的从容与淡定来看待此事。,这种笔调胜过千言万语的辩解，瞬间就让他们明白，对于“昨日那些不堪回首的往事”，我持一种超然物外的态度。我绝非如诸位所想象的那般被打击得魂飞魄散，相反，我以一个懂得自重的绅士所应有的从容与淡定来看待,false,false,0.9703,1,0.9703,true,0.9941,0.9848,likely_duplicate,exp_v0_research_only_2026-10-02: high full/partial band,trim 3 trailing chars
C0120_D6_prefix_expand,475,9,synthetic:9:11,9,synthetic:9:11,D6_prefix_expand,DUPLICATE,我静静地在那儿坐了片刻，最后说道：“数十亿人尽可以做他们想做的，但我的生命对我来说很重要。我只是想让它……属于我自己。”,他说：“我静静地在那儿坐了片刻，最后说道：“数十亿人尽可以做他们想做的，但我的生命对我来说很重要。我只是想让它……属于我自己。””,false,false,0.9365,1,0.9365,true,0.863,0.9667,likely_duplicate,exp_v0_research_only_2026-10-02: high full/partial band,prefix boundary expansion
C0121_D7_suffix_expand,475,9,synthetic:9:11,9,synthetic:9:11,D7_suffix_expand,DUPLICATE,我静静地在那儿坐了片刻，最后说道：“数十亿人尽可以做他们想做的，但我的生命对我来说很重要。我只是想让它……属于我自己。”,我静静地在那儿坐了片刻，最后说道：“数十亿人尽可以做他们想做的，但我的生命对我来说很重要。我只是想让它……属于我自己。”——他这样想着。,false,false,0.8676,1,0.8676,true,0.9735,0.928,likely_duplicate,exp_v0_research_only_2026-10-02: high full/partial band,suffix boundary expansion
C0122_D8_prefix_trunc,475,9,synthetic:9:11,9,synthetic:9:11,D8_prefix_trunc,DUPLICATE,我静静地在那儿坐了片刻，最后说道：“数十亿人尽可以做他们想做的，但我的生命对我来说很重要。我只是想让它……属于我自己。”,地在那儿坐了片刻，最后说道：“数十亿人尽可以做他们想做的，但我的生命对我来说很重要。我只是想让它……属于我自己。”,false,false,0.9492,1,0.9492,true,0.9831,0.9735,likely_duplicate,exp_v0_research_only_2026-10-02: high full/partial band,trim 3 leading chars
C0123_D9_suffix_trunc,475,9,synthetic:9:11,9,synthetic:9:11,D9_suffix_trunc,DUPLICATE,我静静地在那儿坐了片刻，最后说道：“数十亿人尽可以做他们想做的，但我的生命对我来说很重要。我只是想让它……属于我自己。”,我静静地在那儿坐了片刻，最后说道：“数十亿人尽可以做他们想做的，但我的生命对我来说很重要。我只是想让它……属于我自,false,false,0.9661,1,0.9661,true,0.9932,0.9825,likely_duplicate,exp_v0_research_only_2026-10-02: high full/partial band,trim 3 trailing chars
C0124_D6_prefix_expand,583,10,synthetic:10:14,10,synthetic:10:14,D6_prefix_expand,DUPLICATE,大自然并不惮于将其自身呈现给他们。,他说：“大自然并不惮于将其自身呈现给他们。”,false,false,0.8095,1,0.8095,true,0.9365,0.8889,likely_duplicate,exp_v0_research_only_2026-10-02: high full/partial band,prefix boundary expansion
C0125_D7_suffix_expand,583,10,synthetic:10:14,10,synthetic:10:14,D7_suffix_expand,DUPLICATE,大自然并不惮于将其自身呈现给他们。,大自然并不惮于将其自身呈现给他们。——他这样想着。,false,false,0.68,1,0.68,true,0.936,0.8,likely_duplicate,exp_v0_research_only_2026-10-02: high full/partial band,suffix boundary expansion
C0126_D6_prefix_expand,602,10,synthetic:10:15,10,synthetic:10:15,D6_prefix_expand,DUPLICATE,我离镇区的距离倒是能够帮我筛选朋友呢。我在孤寂的大海中已经航行了很远，应酬的江河虽然汇入这片汪洋，但能够在我身边积聚的，基本上都是最优秀的沉淀物，这是很符合我个人的需要的。,他说：“我离镇区的距离倒是能够帮我筛选朋友呢。我在孤寂的大海中已经航行了很远，应酬的江河虽然汇入这片汪洋，但能够在我身边积聚的，基本上都是最优秀的沉淀物，这是很符合我个人的需要的。”,false,false,0.9556,1,0.9556,true,0.9852,0.977,likely_duplicate,exp_v0_research_only_2026-10-02: high full/partial band,prefix boundary expansion
C0127_D7_suffix_expand,602,10,synthetic:10:15,10,synthetic:10:15,D7_suffix_expand,DUPLICATE,我离镇区的距离倒是能够帮我筛选朋友呢。我在孤寂的大海中已经航行了很远，应酬的江河虽然汇入这片汪洋，但能够在我身边积聚的，基本上都是最优秀的沉淀物，这是很符合我个人的需要的。,我离镇区的距离倒是能够帮我筛选朋友呢。我在孤寂的大海中已经航行了很远，应酬的江河虽然汇入这片汪洋，但能够在我身边积聚的，基本上都是最优秀的沉淀物，这是很符合我个人的需要的。——他这样想着。,false,false,0.9149,1,0.9149,true,0.983,0.9551,likely_duplicate,exp_v0_research_only_2026-10-02: high full/partial band,suffix boundary expansion
C0128_D8_prefix_trunc,602,10,synthetic:10:15,10,synthetic:10:15,D8_prefix_trunc,DUPLICATE,我离镇区的距离倒是能够帮我筛选朋友呢。我在孤寂的大海中已经航行了很远，应酬的江河虽然汇入这片汪洋，但能够在我身边积聚的，基本上都是最优秀的沉淀物，这是很符合我个人的需要的。,区的距离倒是能够帮我筛选朋友呢。我在孤寂的大海中已经航行了很远，应酬的江河虽然汇入这片汪洋，但能够在我身边积聚的，基本上都是最优秀的沉淀物，这是很符合我个人的需要的。,false,false,0.9651,1,0.9651,true,0.8358,0.982,likely_duplicate,exp_v0_research_only_2026-10-02: high full/partial band,trim 3 leading chars
C0129_D9_suffix_trunc,602,10,synthetic:10:15,10,synthetic:10:15,D9_suffix_trunc,DUPLICATE,我离镇区的距离倒是能够帮我筛选朋友呢。我在孤寂的大海中已经航行了很远，应酬的江河虽然汇入这片汪洋，但能够在我身边积聚的，基本上都是最优秀的沉淀物，这是很符合我个人的需要的。,我离镇区的距离倒是能够帮我筛选朋友呢。我在孤寂的大海中已经航行了很远，应酬的江河虽然汇入这片汪洋，但能够在我身边积聚的，基本上都是最优秀的沉淀物，这是很符合我个人的需,false,false,0.9651,1,0.9651,true,0.993,0.982,likely_duplicate,exp_v0_research_only_2026-10-02: high full/partial band,trim 3 trailing chars
C0130_D6_prefix_expand,729,11,synthetic:11:18,11,synthetic:11:18,D6_prefix_expand,DUPLICATE,她开始走上楼梯，但我又叫住她，跟她说：​“肯顿小姐，请别把我此刻不肯马上上楼去为家父送终看作不近人情之举。您知道，我相信家父也会希望我现在履行好自己的职责。​”,他说：“她开始走上楼梯，但我又叫住她，跟她说：​“肯顿小姐，请别把我此刻不肯马上上楼去为家父送终看作不近人情之举。您知道，我相信家父也会希望我现在履行好自己的职责。​””,false,false,0.9518,1,0.9518,true,0.9417,0.975,likely_duplicate,exp_v0_research_only_2026-10-02: high full/partial band,prefix boundary expansion
C0131_D7_suffix_expand,729,11,synthetic:11:18,11,synthetic:11:18,D7_suffix_expand,DUPLICATE,她开始走上楼梯，但我又叫住她，跟她说：​“肯顿小姐，请别把我此刻不肯马上上楼去为家父送终看作不近人情之举。您知道，我相信家父也会希望我现在履行好自己的职责。​”,她开始走上楼梯，但我又叫住她，跟她说：​“肯顿小姐，请别把我此刻不肯马上上楼去为家父送终看作不近人情之举。您知道，我相信家父也会希望我现在履行好自己的职责。​”——他这样想着。,false,false,0.8977,1,0.8977,true,0.9795,0.9455,likely_duplicate,exp_v0_research_only_2026-10-02: high full/partial band,suffix boundary expansion
C0132_D8_prefix_trunc,729,11,synthetic:11:18,11,synthetic:11:18,D8_prefix_trunc,DUPLICATE,她开始走上楼梯，但我又叫住她，跟她说：​“肯顿小姐，请别把我此刻不肯马上上楼去为家父送终看作不近人情之举。您知道，我相信家父也会希望我现在履行好自己的职责。​”,走上楼梯，但我又叫住她，跟她说：​“肯顿小姐，请别把我此刻不肯马上上楼去为家父送终看作不近人情之举。您知道，我相信家父也会希望我现在履行好自己的职责。​”,false,false,0.962,1,0.962,true,0.9566,0.9804,likely_duplicate,exp_v0_research_only_2026-10-02: high full/partial band,trim 3 leading chars
C0133_D9_suffix_trunc,729,11,synthetic:11:18,11,synthetic:11:18,D9_suffix_trunc,DUPLICATE,她开始走上楼梯，但我又叫住她，跟她说：​“肯顿小姐，请别把我此刻不肯马上上楼去为家父送终看作不近人情之举。您知道，我相信家父也会希望我现在履行好自己的职责。​”,她开始走上楼梯，但我又叫住她，跟她说：​“肯顿小姐，请别把我此刻不肯马上上楼去为家父送终看作不近人情之举。您知道，我相信家父也会希望我现在履行好自己的职责,false,false,0.9747,1,0.9747,true,0.9949,0.987,likely_duplicate,exp_v0_research_only_2026-10-02: high full/partial band,trim 3 trailing chars
C0134_D6_prefix_expand,802,12,synthetic:12:20,12,synthetic:12:20,D6_prefix_expand,DUPLICATE,。我正要请他离开，不要再管我，他却转身向我，突然大声叫嚷了起来：“不，我不信您的话，我确信您曾经盼望过另外一种生活。,他说：“。我正要请他离开，不要再管我，他却转身向我，突然大声叫嚷了起来：“不，我不信您的话，我确信您曾经盼望过另外一种生活。”,false,false,0.9355,1,0.9355,true,0.8837,0.9661,likely_duplicate,exp_v0_research_only_2026-10-02: high full/partial band,prefix boundary expansion
C0135_D7_suffix_expand,802,12,synthetic:12:20,12,synthetic:12:20,D7_suffix_expand,DUPLICATE,。我正要请他离开，不要再管我，他却转身向我，突然大声叫嚷了起来：“不，我不信您的话，我确信您曾经盼望过另外一种生活。,。我正要请他离开，不要再管我，他却转身向我，突然大声叫嚷了起来：“不，我不信您的话，我确信您曾经盼望过另外一种生活。——他这样想着。,false,false,0.8788,1,0.8788,true,0.9758,0.9344,likely_duplicate,exp_v0_research_only_2026-10-02: high full/partial band,suffix boundary expansion
C0136_D8_prefix_trunc,802,12,synthetic:12:20,12,synthetic:12:20,D8_prefix_trunc,DUPLICATE,。我正要请他离开，不要再管我，他却转身向我，突然大声叫嚷了起来：“不，我不信您的话，我确信您曾经盼望过另外一种生活。,要请他离开，不要再管我，他却转身向我，突然大声叫嚷了起来：“不，我不信您的话，我确信您曾经盼望过另外一种生活。,false,false,0.9483,1,0.9483,true,0.8615,0.973,likely_duplicate,exp_v0_research_only_2026-10-02: high full/partial band,trim 3 leading chars
C0137_D9_suffix_trunc,802,12,synthetic:12:20,12,synthetic:12:20,D9_suffix_trunc,DUPLICATE,。我正要请他离开，不要再管我，他却转身向我，突然大声叫嚷了起来：“不，我不信您的话，我确信您曾经盼望过另外一种生活。,。我正要请他离开，不要再管我，他却转身向我，突然大声叫嚷了起来：“不，我不信您的话，我确信您曾经盼望过另外一种,false,false,0.9483,1,0.9483,true,0.9897,0.973,likely_duplicate,exp_v0_research_only_2026-10-02: high full/partial band,trim 3 trailing chars
C0138_D6_prefix_expand,898,13,synthetic:13:22,13,synthetic:13:22,D6_prefix_expand,DUPLICATE,地狱的主要惩罚是对生前没有信仰上帝的悔恨,他说：“地狱的主要惩罚是对生前没有信仰上帝的悔恨”,false,false,0.8333,1,0.8333,true,0.9444,0.9048,likely_duplicate,exp_v0_research_only_2026-10-02: high full/partial band,prefix boundary expansion
C0139_D7_suffix_expand,898,13,synthetic:13:22,13,synthetic:13:22,D7_suffix_expand,DUPLICATE,地狱的主要惩罚是对生前没有信仰上帝的悔恨,地狱的主要惩罚是对生前没有信仰上帝的悔恨——他这样想着。,false,false,0.7143,1,0.7143,true,0.9429,0.8261,likely_duplicate,exp_v0_research_only_2026-10-02: high full/partial band,suffix boundary expansion
C0140_D6_prefix_expand,1185,17,synthetic:17:29,17,synthetic:17:29,D6_prefix_expand,DUPLICATE,这些群众听到这蒸汽呼哨出来的歌声，个个兴奋得不能自制，美国人大声呼叫：“呼啦！”德国人高喊：“啊嘿！”墨西哥人则是叫着：“哎，维瓦！”卡菲拉人高兴得像野兽得到美味那样狂呼乱叫。,他说：“这些群众听到这蒸汽呼哨出来的歌声，个个兴奋得不能自制，美国人大声呼叫：“呼啦！”德国人高喊：“啊嘿！”墨西哥人则是叫着：“哎，维瓦！”卡菲拉人高兴得像野兽得到美味那样狂呼乱叫。”,false,false,0.9565,1,0.9565,true,0.87,0.9775,likely_duplicate,exp_v0_research_only_2026-10-02: high full/partial band,prefix boundary expansion
C0141_D7_suffix_expand,1185,17,synthetic:17:29,17,synthetic:17:29,D7_suffix_expand,DUPLICATE,这些群众听到这蒸汽呼哨出来的歌声，个个兴奋得不能自制，美国人大声呼叫：“呼啦！”德国人高喊：“啊嘿！”墨西哥人则是叫着：“哎，维瓦！”卡菲拉人高兴得像野兽得到美味那样狂呼乱叫。,这些群众听到这蒸汽呼哨出来的歌声，个个兴奋得不能自制，美国人大声呼叫：“呼啦！”德国人高喊：“啊嘿！”墨西哥人则是叫着：“哎，维瓦！”卡菲拉人高兴得像野兽得到美味那样狂呼乱叫。——他这样想着。,false,false,0.9167,1,0.9167,true,0.9833,0.956,likely_duplicate,exp_v0_research_only_2026-10-02: high full/partial band,suffix boundary expansion
C0142_D8_prefix_trunc,1185,17,synthetic:17:29,17,synthetic:17:29,D8_prefix_trunc,DUPLICATE,这些群众听到这蒸汽呼哨出来的歌声，个个兴奋得不能自制，美国人大声呼叫：“呼啦！”德国人高喊：“啊嘿！”墨西哥人则是叫着：“哎，维瓦！”卡菲拉人高兴得像野兽得到美味那样狂呼乱叫。,众听到这蒸汽呼哨出来的歌声，个个兴奋得不能自制，美国人大声呼叫：“呼啦！”德国人高喊：“啊嘿！”墨西哥人则是叫着：“哎，维瓦！”卡菲拉人高兴得像野兽得到美味那样狂呼乱叫。,false,false,0.9659,1,0.9659,true,0.9808,0.9825,likely_duplicate,exp_v0_research_only_2026-10-02: high full/partial band,trim 3 leading chars
C0143_D9_suffix_trunc,1185,17,synthetic:17:29,17,synthetic:17:29,D9_suffix_trunc,DUPLICATE,这些群众听到这蒸汽呼哨出来的歌声，个个兴奋得不能自制，美国人大声呼叫：“呼啦！”德国人高喊：“啊嘿！”墨西哥人则是叫着：“哎，维瓦！”卡菲拉人高兴得像野兽得到美味那样狂呼乱叫。,这些群众听到这蒸汽呼哨出来的歌声，个个兴奋得不能自制，美国人大声呼叫：“呼啦！”德国人高喊：“啊嘿！”墨西哥人则是叫着：“哎，维瓦！”卡菲拉人高兴得像野兽得到美味那样狂呼,false,false,0.9659,1,0.9659,true,0.9932,0.9825,likely_duplicate,exp_v0_research_only_2026-10-02: high full/partial band,trim 3 trailing chars
C0144_D6_prefix_expand,1273,19,synthetic:19:31,19,synthetic:19:31,D6_prefix_expand,DUPLICATE,浮士德曾说过一句教师们十分熟悉，庸人们分外赞赏的话：“啊，我胸中住着两个灵魂！”但他忘了，他胸中还住着梅菲斯特和一大群其他灵魂。我们的荒原狼也认为他胸中住着两个灵魂（狼和人），还认为他的胸膛因此拥挤不堪。一个人的胸膛、身躯向来只有一个，但居住其中的，却绝不止两个或五个灵魂，而是无数个灵魂。,他说：“浮士德曾说过一句教师们十分熟悉，庸人们分外赞赏的话：“啊，我胸中住着两个灵魂！”但他忘了，他胸中还住着梅菲斯特和一大群其他灵魂。我们的荒原狼也认为他胸中住着两个灵魂（狼和人），还认为他的胸膛因此拥挤不堪。一个人的胸膛、身躯向来只有一个，但居住其中的，却绝不止两个或五个灵魂，而是无数个灵魂。”,false,false,0.9732,1,0.9732,true,0.8853,0.9863,likely_duplicate,exp_v0_research_only_2026-10-02: high full/partial band,prefix boundary expansion
C0145_D7_suffix_expand,1273,19,synthetic:19:31,19,synthetic:19:31,D7_suffix_expand,DUPLICATE,浮士德曾说过一句教师们十分熟悉，庸人们分外赞赏的话：“啊，我胸中住着两个灵魂！”但他忘了，他胸中还住着梅菲斯特和一大群其他灵魂。我们的荒原狼也认为他胸中住着两个灵魂（狼和人），还认为他的胸膛因此拥挤不堪。一个人的胸膛、身躯向来只有一个，但居住其中的，却绝不止两个或五个灵魂，而是无数个灵魂。,浮士德曾说过一句教师们十分熟悉，庸人们分外赞赏的话：“啊，我胸中住着两个灵魂！”但他忘了，他胸中还住着梅菲斯特和一大群其他灵魂。我们的荒原狼也认为他胸中住着两个灵魂（狼和人），还认为他的胸膛因此拥挤不堪。一个人的胸膛、身躯向来只有一个，但居住其中的，却绝不止两个或五个灵魂，而是无数个灵魂。——他这样想着。,false,false,0.9477,1,0.9477,true,0.9895,0.973,likely_duplicate,exp_v0_research_only_2026-10-02: high full/partial band,suffix boundary expansion
C0146_D8_prefix_trunc,1273,19,synthetic:19:31,19,synthetic:19:31,D8_prefix_trunc,DUPLICATE,浮士德曾说过一句教师们十分熟悉，庸人们分外赞赏的话：“啊，我胸中住着两个灵魂！”但他忘了，他胸中还住着梅菲斯特和一大群其他灵魂。我们的荒原狼也认为他胸中住着两个灵魂（狼和人），还认为他的胸膛因此拥挤不堪。一个人的胸膛、身躯向来只有一个，但居住其中的，却绝不止两个或五个灵魂，而是无数个灵魂。,曾说过一句教师们十分熟悉，庸人们分外赞赏的话：“啊，我胸中住着两个灵魂！”但他忘了，他胸中还住着梅菲斯特和一大群其他灵魂。我们的荒原狼也认为他胸中住着两个灵魂（狼和人），还认为他的胸膛因此拥挤不堪。一个人的胸膛、身躯向来只有一个，但居住其中的，却绝不止两个或五个灵魂，而是无数个灵魂。,false,false,0.9793,1,0.9793,true,0.9931,0.9895,likely_duplicate,exp_v0_research_only_2026-10-02: high full/partial band,trim 3 leading chars
C0147_D9_suffix_trunc,1273,19,synthetic:19:31,19,synthetic:19:31,D9_suffix_trunc,DUPLICATE,浮士德曾说过一句教师们十分熟悉，庸人们分外赞赏的话：“啊，我胸中住着两个灵魂！”但他忘了，他胸中还住着梅菲斯特和一大群其他灵魂。我们的荒原狼也认为他胸中住着两个灵魂（狼和人），还认为他的胸膛因此拥挤不堪。一个人的胸膛、身躯向来只有一个，但居住其中的，却绝不止两个或五个灵魂，而是无数个灵魂。,浮士德曾说过一句教师们十分熟悉，庸人们分外赞赏的话：“啊，我胸中住着两个灵魂！”但他忘了，他胸中还住着梅菲斯特和一大群其他灵魂。我们的荒原狼也认为他胸中住着两个灵魂（狼和人），还认为他的胸膛因此拥挤不堪。一个人的胸膛、身躯向来只有一个，但居住其中的，却绝不止两个或五个灵魂，而是无数个,false,false,0.9793,1,0.9793,true,0.9959,0.9895,likely_duplicate,exp_v0_research_only_2026-10-02: high full/partial band,trim 3 trailing chars
C0148_D6_prefix_expand,1313,20,weread:2,20,weread:2,D6_prefix_expand,DUPLICATE,我什么时候起飞？”我问道，一边听到一种沙沙的响声，就好像细沙落在膜片上的声音。,他说：“我什么时候起飞？”我问道，一边听到一种沙沙的响声，就好像细沙落在膜片上的声音。”,false,false,0.907,1,0.907,true,0.969,0.95,likely_duplicate,exp_v0_research_only_2026-10-02: high full/partial band,prefix boundary expansion
C0149_D7_suffix_expand,1313,20,weread:2,20,weread:2,D7_suffix_expand,DUPLICATE,我什么时候起飞？”我问道，一边听到一种沙沙的响声，就好像细沙落在膜片上的声音。,我什么时候起飞？”我问道，一边听到一种沙沙的响声，就好像细沙落在膜片上的声音。——他这样想着。,false,false,0.8298,1,0.8298,true,0.966,0.9048,likely_duplicate,exp_v0_research_only_2026-10-02: high full/partial band,suffix boundary expansion
C0150_D8_prefix_trunc,1313,20,weread:2,20,weread:2,D8_prefix_trunc,DUPLICATE,我什么时候起飞？”我问道，一边听到一种沙沙的响声，就好像细沙落在膜片上的声音。,时候起飞？”我问道，一边听到一种沙沙的响声，就好像细沙落在膜片上的声音。,false,false,0.9231,1,0.9231,true,0.942,0.9589,likely_duplicate,exp_v0_research_only_2026-10-02: high full/partial band,trim 3 leading chars
C0151_D9_suffix_trunc,1313,20,weread:2,20,weread:2,D9_suffix_trunc,DUPLICATE,我什么时候起飞？”我问道，一边听到一种沙沙的响声，就好像细沙落在膜片上的声音。,我什么时候起飞？”我问道，一边听到一种沙沙的响声，就好像细沙落在膜片上的,false,false,0.9231,1,0.9231,true,0.9846,0.9589,likely_duplicate,exp_v0_research_only_2026-10-02: high full/partial band,trim 3 trailing chars
C0152_D6_prefix_expand,1337,5,weread:13,5,weread:13,D6_prefix_expand,DUPLICATE,用她的话说，理想的作家就是像“南瓜秧子结南瓜”一样创作的作家。她还用了一些别的顺应自然过程的隐喻，像风沿山坡走、潮水有涨落、年轮不瞒树龄等。,他说：“用她的话说，理想的作家就是像“南瓜秧子结南瓜”一样创作的作家。她还用了一些别的顺应自然过程的隐喻，像风沿山坡走、潮水有涨落、年轮不瞒树龄等。”,false,false,0.9459,1,0.9459,true,0.9463,0.9718,likely_duplicate,exp_v0_research_only_2026-10-02: high full/partial band,prefix boundary expansion
C0153_D7_suffix_expand,1337,5,weread:13,5,weread:13,D7_suffix_expand,DUPLICATE,用她的话说，理想的作家就是像“南瓜秧子结南瓜”一样创作的作家。她还用了一些别的顺应自然过程的隐喻，像风沿山坡走、潮水有涨落、年轮不瞒树龄等。,用她的话说，理想的作家就是像“南瓜秧子结南瓜”一样创作的作家。她还用了一些别的顺应自然过程的隐喻，像风沿山坡走、潮水有涨落、年轮不瞒树龄等。——他这样想着。,false,false,0.8974,1,0.8974,true,0.9795,0.9452,likely_duplicate,exp_v0_research_only_2026-10-02: high full/partial band,suffix boundary expansion
C0154_D8_prefix_trunc,1337,5,weread:13,5,weread:13,D8_prefix_trunc,DUPLICATE,用她的话说，理想的作家就是像“南瓜秧子结南瓜”一样创作的作家。她还用了一些别的顺应自然过程的隐喻，像风沿山坡走、潮水有涨落、年轮不瞒树龄等。,话说，理想的作家就是像“南瓜秧子结南瓜”一样创作的作家。她还用了一些别的顺应自然过程的隐喻，像风沿山坡走、潮水有涨落、年轮不瞒树龄等。,false,false,0.9571,1,0.9571,true,0.8787,0.9778,likely_duplicate,exp_v0_research_only_2026-10-02: high full/partial band,trim 3 leading chars
C0155_D9_suffix_trunc,1337,5,weread:13,5,weread:13,D9_suffix_trunc,DUPLICATE,用她的话说，理想的作家就是像“南瓜秧子结南瓜”一样创作的作家。她还用了一些别的顺应自然过程的隐喻，像风沿山坡走、潮水有涨落、年轮不瞒树龄等。,用她的话说，理想的作家就是像“南瓜秧子结南瓜”一样创作的作家。她还用了一些别的顺应自然过程的隐喻，像风沿山坡走、潮水有涨落、年轮不瞒树,false,false,0.9571,1,0.9571,true,0.9914,0.9778,likely_duplicate,exp_v0_research_only_2026-10-02: high full/partial band,trim 3 trailing chars
C0156_D10_sentence_select,1,1,synthetic:1:0,1,synthetic:1:0,D10_sentence_select,DUPLICATE,"我很伤心，不是因为她冲我大声嚷嚷，而是因为我知道那是托尼·加德纳的唱片，我知道那张唱片对她来说多么重要。我还知道从此以后，当加德纳轻声吟唱那些美国歌曲时，唱片就会发出""嗞嗞""的声音。","我还知道从此以后，当加德纳轻声吟唱那些美国歌曲时，唱片就会发出""嗞嗞""的声音。",false,false,0.4286,1,0.4286,true,0.4633,0.5938,possible_duplicate,exp_v0_research_only_2026-10-02: mid band / containment,last sentence selection
C0157_D10_sentence_select,2,1,synthetic:1:0,1,synthetic:1:0,D10_sentence_select,AMBIGUOUS,"我说我不想叨扰他，可是加德纳先生的语气里有丝丝温和的坚持。""不会，不会，坐下。你刚才说你母亲喜欢我的唱片。""","""",false,false,0,0,0,false,0,0,likely_new,exp_v0_research_only_2026-10-02: below mid band,very short retained fragment
C0158_D10_sentence_select,14,2,synthetic:2:0,2,synthetic:2:0,D10_sentence_select,DUPLICATE,他如同一个吃得太多、喝得太撑之人，想要将一切在痛苦中呕吐出去，只为换来一丝解脱。他渴望以一场巨大的呕吐，将所有的欢愉、所有的习性、这荒唐无意的生活，连同他自己一并抛洒、清空。,他渴望以一场巨大的呕吐，将所有的欢愉、所有的习性、这荒唐无意的生活，连同他自己一并抛洒、清空。,false,false,0.5402,1,0.5402,true,0.728,0.697,possible_duplicate,exp_v0_research_only_2026-10-02: mid band / containment,last sentence selection
C0159_D10_sentence_select,16,2,synthetic:2:0,2,synthetic:2:0,D10_sentence_select,DUPLICATE,他深深陷入了轮回之流，四面八方的厌恶与死亡被他吸收殆尽，就像一块吸满了水的海绵。他满是倦怠，满是苦痛，满是死亡。,他满是倦怠，满是苦痛，满是死亡。,false,false,0.2857,1,0.2857,true,0.483,0.4286,possible_duplicate,exp_v0_research_only_2026-10-02: mid band / containment,last sentence selection
C0160_D10_sentence_select,63,4,synthetic:4:1,4,synthetic:4:1,D10_sentence_select,DUPLICATE,他们决定，他们将在这里，在厨房里等到天黑。弗塔基把一把椅子拉到窗户跟前，眼睛盯着街对面的房子。施密特的困意上来了，趴在桌子上开始打起呼噜，妇人则从餐具柜后面拉出一只带铁箍的军用木箱，掸掉上面的灰尘，将箱子里面也擦拭干净，随后开始一声不响往箱子里装他们的衣物。,施密特的困意上来了，趴在桌子上开始打起呼噜，妇人则从餐具柜后面拉出一只带铁箍的军用木箱，掸掉上面的灰尘，将箱子里面也擦拭干净，随后开始一声不响往箱子里装他们的衣物。,false,false,0.6357,1,0.6357,true,0.7139,0.7751,likely_duplicate,exp_v0_research_only_2026-10-02: high full/partial band,last sentence selection
C0161_D10_sentence_select,66,4,synthetic:4:1,4,synthetic:4:1,D10_sentence_select,AMBIGUOUS,"施密特从风雨衣的内侧口袋里掏出一个用麻绳捆着、塞得鼓鼓囊囊、已被汗水浸湿的信封。""等一下，""施密特夫人喊住丈夫，迅速用一块搌布把桌面擦干净，""现在行了。""","""",false,false,0,0,0,false,0,0,likely_new,exp_v0_research_only_2026-10-02: below mid band,very short retained fragment
C0162_D10_sentence_select,217,7,synthetic:7:5,7,synthetic:7:5,D10_sentence_select,DUPLICATE,这种笔调胜过千言万语的辩解，瞬间就让他们明白，对于“昨日那些不堪回首的往事”，我持一种超然物外的态度。我绝非如诸位所想象的那般被打击得魂飞魄散，相反，我以一个懂得自重的绅士所应有的从容与淡定来看待此事。,我绝非如诸位所想象的那般被打击得魂飞魄散，相反，我以一个懂得自重的绅士所应有的从容与淡定来看待此事。,false,false,0.495,1,0.495,true,0.3091,0.6577,possible_duplicate,exp_v0_research_only_2026-10-02: mid band / containment,last sentence selection
C0163_D10_sentence_select,445,9,synthetic:9:11,9,synthetic:9:11,D10_sentence_select,AMBIGUOUS,“是六天九小时二十七分。​”飞船修正道。,​”飞船修正道。,false,false,0.4211,1,0.4211,true,0.3925,0.56,possible_duplicate,exp_v0_research_only_2026-10-02: mid band / containment,very short retained fragment
C0164_D10_sentence_select,475,9,synthetic:9:11,9,synthetic:9:11,D10_sentence_select,AMBIGUOUS,我静静地在那儿坐了片刻，最后说道：“数十亿人尽可以做他们想做的，但我的生命对我来说很重要。我只是想让它……属于我自己。”,”,false,false,0,0,0,false,0,0,likely_new,exp_v0_research_only_2026-10-02: below mid band,very short retained fragment
C0165_D10_sentence_select,547,9,synthetic:9:13,9,synthetic:9:13,D10_sentence_select,DUPLICATE,他们脚底下的“手掌”颤动着，朝下坠落五米，几乎将他们颠进空中，然后再次颤动起来。耳畔传来一阵隆隆声，好似巨型建筑倒塌，又好似山坡发生了雪崩。 布劳恩很明显地感觉到，云门是在笑。,布劳恩很明显地感觉到，云门是在笑。,false,false,0.1932,1,0.1932,true,0.3801,0.3107,possible_duplicate,exp_v0_research_only_2026-10-02: mid band / containment,last sentence selection
C0166_D10_sentence_select,600,10,synthetic:10:15,10,synthetic:10:15,D10_sentence_select,AMBIGUOUS,他有时候会大声说：“我好喜欢聊天啊！天啊，我可以聊一整天！”,”,false,false,0,0,0,false,0,0,likely_new,exp_v0_research_only_2026-10-02: below mid band,very short retained fragment
C0167_D10_sentence_select,602,10,synthetic:10:15,10,synthetic:10:15,D10_sentence_select,DUPLICATE,我离镇区的距离倒是能够帮我筛选朋友呢。我在孤寂的大海中已经航行了很远，应酬的江河虽然汇入这片汪洋，但能够在我身边积聚的，基本上都是最优秀的沉淀物，这是很符合我个人的需要的。,我在孤寂的大海中已经航行了很远，应酬的江河虽然汇入这片汪洋，但能够在我身边积聚的，基本上都是最优秀的沉淀物，这是很符合我个人的需要的。,false,false,0.7791,1,0.7791,true,0.7882,0.8742,likely_duplicate,exp_v0_research_only_2026-10-02: high full/partial band,last sentence selection
C0168_D10_sentence_select,656,11,synthetic:11:16,11,synthetic:11:16,D10_sentence_select,DUPLICATE,“不过，当然了，这也并不意味着偶尔就不会有这种的时候—在极其孤独的时刻—你会想要对自己说：‘我的人生中犯了个多么可怕的错误。’而且你会开始想象一种不同的生活，一种你原本可能拥有的更好的生活。,’而且你会开始想象一种不同的生活，一种你原本可能拥有的更好的生活。,false,false,0.3404,1,0.3404,true,0.4005,0.5,possible_duplicate,exp_v0_research_only_2026-10-02: mid band / containment,last sentence selection
C0169_D10_sentence_select,729,11,synthetic:11:18,11,synthetic:11:18,D10_sentence_select,AMBIGUOUS,她开始走上楼梯，但我又叫住她，跟她说：​“肯顿小姐，请别把我此刻不肯马上上楼去为家父送终看作不近人情之举。您知道，我相信家父也会希望我现在履行好自己的职责。​”,​”,false,false,0.0127,1,0.0127,true,0.6709,0,possible_duplicate,exp_v0_research_only_2026-10-02: mid band / containment,very short retained fragment
C0170_D10_sentence_select,788,12,synthetic:12:19,12,synthetic:12:19,D10_sentence_select,DUPLICATE,后来，加缪又在《局外人》英译本的序言中，对这个人物作出一连串的赞词：“他不耍花招，从这个意义上说，他是他所生活的那个社会里的局外人”，“他拒绝说谎……是什么，他就说是什么。他拒绝矫饰自己的感情，于是社会就感到受到了威胁”，“他是穷人，是坦诚的人，喜爱光明正大”，“一个无任何英雄行为而自愿为真理而死的人”。,他拒绝矫饰自己的感情，于是社会就感到受到了威胁”，“他是穷人，是坦诚的人，喜爱光明正大”，“一个无任何英雄行为而自愿为真理而死的人”。,false,false,0.4379,1,0.4379,true,0.4099,0.6055,possible_duplicate,exp_v0_research_only_2026-10-02: mid band / containment,last sentence selection
C0171_D10_sentence_select,890,13,synthetic:13:22,13,synthetic:13:22,D10_sentence_select,DUPLICATE,这个系统会分析：“这是适合领略美的环境吗？如果是，那就欣赏吧；如果不是，那就忽略吧。”但这样就圆满了吗？这就是人们谈论的“辅助性成熟”吗？,这就是人们谈论的“辅助性成熟”吗？,false,false,0.2464,1,0.2464,true,0.4822,0.381,possible_duplicate,exp_v0_research_only_2026-10-02: mid band / containment,last sentence selection
C0172_D10_sentence_select,1160,17,synthetic:17:29,17,synthetic:17:29,D10_sentence_select,DUPLICATE,舞台的布景，晚上看起来是那样的辉煌动人，白天阳光一照，却成了一幅拙劣的绘画。生活中也往往出现类似的现象。,生活中也往往出现类似的现象。,false,false,0.2692,1,0.2692,true,0.3938,0.4063,possible_duplicate,exp_v0_research_only_2026-10-02: mid band / containment,last sentence selection
C0173_D10_sentence_select,1185,17,synthetic:17:29,17,synthetic:17:29,D10_sentence_select,DUPLICATE,这些群众听到这蒸汽呼哨出来的歌声，个个兴奋得不能自制，美国人大声呼叫：“呼啦！”德国人高喊：“啊嘿！”墨西哥人则是叫着：“哎，维瓦！”卡菲拉人高兴得像野兽得到美味那样狂呼乱叫。,”卡菲拉人高兴得像野兽得到美味那样狂呼乱叫。,false,false,0.2386,1,0.2386,true,0.3656,0.3738,possible_duplicate,exp_v0_research_only_2026-10-02: mid band / containment,last sentence selection
C0174_D10_sentence_select,1248,19,synthetic:19:31,19,synthetic:19:31,D10_sentence_select,AMBIGUOUS,“我们在《唐璜》的最后一幕，莱波雷洛￼已经跪下。出色的一幕，音乐也值得一听。其中还有各种人性的意味，但仍能感受到彼岸的气息。比如那笑声——不是吗？”,”,false,false,0,0,0,false,0,0,likely_new,exp_v0_research_only_2026-10-02: below mid band,very short retained fragment
C0175_D10_sentence_select,1273,19,synthetic:19:31,19,synthetic:19:31,D10_sentence_select,DUPLICATE,浮士德曾说过一句教师们十分熟悉，庸人们分外赞赏的话：“啊，我胸中住着两个灵魂！”但他忘了，他胸中还住着梅菲斯特和一大群其他灵魂。我们的荒原狼也认为他胸中住着两个灵魂（狼和人），还认为他的胸膛因此拥挤不堪。一个人的胸膛、身躯向来只有一个，但居住其中的，却绝不止两个或五个灵魂，而是无数个灵魂。,一个人的胸膛、身躯向来只有一个，但居住其中的，却绝不止两个或五个灵魂，而是无数个灵魂。,false,false,0.2966,1,0.2966,true,0.4181,0.4516,possible_duplicate,exp_v0_research_only_2026-10-02: mid band / containment,last sentence selection
C0176_D10_sentence_select,1288,20,weread:15,20,weread:15,D10_sentence_select,DUPLICATE,恋人和诗人对爱的力量怀有永恒的信念，认为它比死亡还要持久，但那句千百年来一直缠着我们不放的“生命虽尽，爱犹未尽”，实际上不过是一句谎言。这句谎言只是徒劳无益，并非荒唐可笑。,这句谎言只是徒劳无益，并非荒唐可笑。,false,false,0.2093,1,0.2093,true,0.2115,0.3333,possible_duplicate,exp_v0_research_only_2026-10-02: mid band / containment,last sentence selection
C0177_D10_sentence_select,1313,20,weread:2,20,weread:2,D10_sentence_select,DUPLICATE,我什么时候起飞？”我问道，一边听到一种沙沙的响声，就好像细沙落在膜片上的声音。,”我问道，一边听到一种沙沙的响声，就好像细沙落在膜片上的声音。,false,false,0.7692,1,0.7692,true,0.9308,0.8657,likely_duplicate,exp_v0_research_only_2026-10-02: high full/partial band,last sentence selection
C0178_D10_sentence_select,1317,5,weread:16,5,weread:16,D10_sentence_select,DUPLICATE,书是一种点状的、粉末状的物质。在洋洋洒洒的文字之中，读者只能注意到最小的片断、词组、譬喻、句法联系、逻辑关系，以及具有丰富涵义的词汇特点。这些东西好比构成作品核心的基本粒子,这些东西好比构成作品核心的基本粒子,false,false,0.1977,1,0.1977,true,0.3568,0.3168,possible_duplicate,exp_v0_research_only_2026-10-02: mid band / containment,last sentence selection
C0179_D10_sentence_select,1337,5,weread:13,5,weread:13,D10_sentence_select,DUPLICATE,用她的话说，理想的作家就是像“南瓜秧子结南瓜”一样创作的作家。她还用了一些别的顺应自然过程的隐喻，像风沿山坡走、潮水有涨落、年轮不瞒树龄等。,她还用了一些别的顺应自然过程的隐喻，像风沿山坡走、潮水有涨落、年轮不瞒树龄等。,false,false,0.5571,1,0.5571,true,0.6857,0.7103,likely_duplicate,exp_v0_research_only_2026-10-02: high full/partial band,last sentence selection
C0180_D11_char_substitution,1,1,synthetic:1:0,1,synthetic:1:0,D11_char_substitution,DUPLICATE,"我很伤心，不是因为她冲我大声嚷嚷，而是因为我知道那是托尼·加德纳的唱片，我知道那张唱片对她来说多么重要。我还知道从此以后，当加德纳轻声吟唱那些美国歌曲时，唱片就会发出""嗞嗞""的声音。","我很伤心，不是由于她冲我大声嚷嚷，而是因为我知道那是托尼·加德纳的唱片，我知道那张唱片对她来说多么重要。我还知道从此以后，当加德纳轻声吟唱那些美国歌曲时，唱片就会发出""嗞嗞""的声音。",false,false,0.978,0.978,1,false,0.9777,0.9667,likely_duplicate,exp_v0_research_only_2026-10-02: high full/partial band,small lexical substitution
C0181_D11_char_substitution,475,9,synthetic:9:11,9,synthetic:9:11,D11_char_substitution,DUPLICATE,我静静地在那儿坐了片刻，最后说道：“数十亿人尽可以做他们想做的，但我的生命对我来说很重要。我只是想让它……属于我自己。”,我静静地在那儿坐了片刻，最后说：“数十亿人尽可以做他们想做的，但我的生命对我来说很重要。我只是想让它……属于我自己。”,false,false,0.9831,0.9831,0.9831,false,0.9966,0.9739,likely_duplicate,exp_v0_research_only_2026-10-02: high full/partial band,small lexical substitution
C0182_D11_char_substitution,602,10,synthetic:10:15,10,synthetic:10:15,D11_char_substitution,DUPLICATE,我离镇区的距离倒是能够帮我筛选朋友呢。我在孤寂的大海中已经航行了很远，应酬的江河虽然汇入这片汪洋，但能够在我身边积聚的，基本上都是最优秀的沉淀物，这是很符合我个人的需要的。,我离镇区的距离倒是能够帮我筛选朋友呢。我在孤寂的大海中早已航行了很远，应酬的江河虽然汇入这片汪洋，但能够在我身边积聚的，基本上都是最优秀的沉淀物，这是很符合我个人的需要的。,false,false,0.9767,0.9767,1,false,0.9953,0.9647,likely_duplicate,exp_v0_research_only_2026-10-02: high full/partial band,small lexical substitution
C0183_D11_char_substitution,1248,19,synthetic:19:31,19,synthetic:19:31,D11_char_substitution,DUPLICATE,“我们在《唐璜》的最后一幕，莱波雷洛￼已经跪下。出色的一幕，音乐也值得一听。其中还有各种人性的意味，但仍能感受到彼岸的气息。比如那笑声——不是吗？”,“我们在《唐璜》的最后一幕，莱波雷洛￼早已跪下。出色的一幕，音乐也值得一听。其中还有各种人性的意味，但仍能感受到彼岸的气息。比如那笑声——不是吗？”,false,false,0.9722,0.9722,1,false,0.9944,0.9577,likely_duplicate,exp_v0_research_only_2026-10-02: high full/partial band,small lexical substitution
C0184_D12_small_indel,2,1,synthetic:1:0,1,synthetic:1:0,D12_small_indel,DUPLICATE,"我说我不想叨扰他，可是加德纳先生的语气里有丝丝温和的坚持。""不会，不会，坐下。你刚才说你母亲喜欢我的唱片。""","我说我不想叨扰他，可是加德纳先生的语气里有丝丝温和的坚，持。""不会，不会，坐下。你刚才说你母亲喜欢我的唱片。""",false,false,0.9815,0.9815,0.9815,false,0.9793,0.9714,likely_duplicate,exp_v0_research_only_2026-10-02: high full/partial band,small insertion/deletion
C0185_D12_small_indel,16,2,synthetic:2:0,2,synthetic:2:0,D12_small_indel,DUPLICATE,他深深陷入了轮回之流，四面八方的厌恶与死亡被他吸收殆尽，就像一块吸满了水的海绵。他满是倦怠，满是苦痛，满是死亡。,他深深陷入轮回之流，四面八方的厌恶与死亡被他吸收殆尽，就像一块吸满了水的海绵。他满是倦怠，满是苦痛，满是死亡。,false,false,0.9821,0.9821,0.9821,false,0.9964,0.9725,likely_duplicate,exp_v0_research_only_2026-10-02: high full/partial band,small insertion/deletion
C0186_D12_small_indel,66,4,synthetic:4:1,4,synthetic:4:1,D12_small_indel,DUPLICATE,"施密特从风雨衣的内侧口袋里掏出一个用麻绳捆着、塞得鼓鼓囊囊、已被汗水浸湿的信封。""等一下，""施密特夫人喊住丈夫，迅速用一块搌布把桌面擦干净，""现在行了。""","施密特从风雨衣的内侧口袋里掏出一个用麻绳捆着、塞得鼓鼓囊囊、已被汗水浸湿的信封也。""等一下，""施密特夫人喊住丈夫，迅速用一块搌布把桌面擦干净，""现在行了。""",false,false,0.987,0.987,0.987,false,0.9974,0.9801,likely_duplicate,exp_v0_research_only_2026-10-02: high full/partial band,small insertion/deletion
C0187_D12_small_indel,210,7,synthetic:7:5,7,synthetic:7:5,D12_small_indel,DUPLICATE,因他之故，我想必能得上苍宽恕诸多过错。,因他之故也，我想必能得上苍宽恕诸多过错。,false,false,0.95,0.95,0.95,false,0.99,0.9189,likely_duplicate,exp_v0_research_only_2026-10-02: high full/partial band,small insertion/deletion
C0188_D12_small_indel,445,9,synthetic:9:11,9,synthetic:9:11,D12_small_indel,DUPLICATE,“是六天九小时二十七分。​”飞船修正道。,“是六天九小时二十七，分。​”飞船修正道。,false,false,0.95,0.95,0.95,false,0.99,0.9189,likely_duplicate,exp_v0_research_only_2026-10-02: high full/partial band,small insertion/deletion
C0189_D12_small_indel,547,9,synthetic:9:13,9,synthetic:9:13,D12_small_indel,DUPLICATE,他们脚底下的“手掌”颤动着，朝下坠落五米，几乎将他们颠进空中，然后再次颤动起来。耳畔传来一阵隆隆声，好似巨型建筑倒塌，又好似山坡发生了雪崩。 布劳恩很明显地感觉到，云门是在笑。,他们脚底下的“手掌”颤动着，朝下坠落五米，几乎将他们颠进空中，然后再次颤动起来。耳畔传来一阵隆隆声，好似巨型建筑倒塌，又好似山坡发生雪崩。 布劳恩很明显地感觉到，云门是在笑。,false,false,0.9886,0.9886,0.9886,false,0.9977,0.9827,likely_duplicate,exp_v0_research_only_2026-10-02: high full/partial band,small insertion/deletion
C0190_D12_small_indel,600,10,synthetic:10:15,10,synthetic:10:15,D12_small_indel,DUPLICATE,他有时候会大声说：“我好喜欢聊天啊！天啊，我可以聊一整天！”,他有时候会大声说：“我好喜欢聊天啊！天啊也，我可以聊一整天！”,false,false,0.9667,0.9667,0.9667,false,0.9933,0.9474,likely_duplicate,exp_v0_research_only_2026-10-02: high full/partial band,small insertion/deletion
C0191_D12_small_indel,656,11,synthetic:11:16,11,synthetic:11:16,D12_small_indel,DUPLICATE,“不过，当然了，这也并不意味着偶尔就不会有这种的时候—在极其孤独的时刻—你会想要对自己说：‘我的人生中犯了个多么可怕的错误。’而且你会开始想象一种不同的生活，一种你原本可能拥有的更好的生活。,“不过，当然了，这也并不意味偶尔就不会有这种的时候—在极其孤独的时刻—你会想要对自己说：‘我的人生中犯了个多么可怕的错误。’而且你会开始想象一种不同的生活，一种你原本可能拥有的更好的生活。,false,false,0.9894,0.9894,0.9894,false,0.9979,0.9838,likely_duplicate,exp_v0_research_only_2026-10-02: high full/partial band,small insertion/deletion
C0192_D12_small_indel,788,12,synthetic:12:19,12,synthetic:12:19,D12_small_indel,DUPLICATE,后来，加缪又在《局外人》英译本的序言中，对这个人物作出一连串的赞词：“他不耍花招，从这个意义上说，他是他所生活的那个社会里的局外人”，“他拒绝说谎……是什么，他就说是什么。他拒绝矫饰自己的感情，于是社会就感到受到了威胁”，“他是穷人，是坦诚的人，喜爱光明正大”，“一个无任何英雄行为而自愿为真理而死的人”。,后来，加缪又在《局外人》英译本的序言中，对这个人物作出一连串的赞词：“他不耍花招，从这个意义上说，他是他所生活的那个社会里的局外人”，“他拒绝说谎……是，什么，他就说是什么。他拒绝矫饰自己的感情，于是社会就感到受到了威胁”，“他是穷人，是坦诚的人，喜爱光明正大”，“一个无任何英雄行为而自愿为真理而死的人”。,false,false,0.9935,0.9935,0.9935,false,0.9628,0.9902,likely_duplicate,exp_v0_research_only_2026-10-02: high full/partial band,small insertion/deletion
C0193_D12_small_indel,890,13,synthetic:13:22,13,synthetic:13:22,D12_small_indel,DUPLICATE,这个系统会分析：“这是适合领略美的环境吗？如果是，那就欣赏吧；如果不是，那就忽略吧。”但这样就圆满了吗？这就是人们谈论的“辅助性成熟”吗？,这个系统会分析：“这是适合领略美的环境吗？如果是，那就欣赏吧；如果不，是，那就忽略吧。”但这样就圆满了吗？这就是人们谈论的“辅助性成熟”吗？,false,false,0.9857,0.9857,0.9857,false,0.9942,0.9781,likely_duplicate,exp_v0_research_only_2026-10-02: high full/partial band,small insertion/deletion
C0194_D12_small_indel,1160,17,synthetic:17:29,17,synthetic:17:29,D12_small_indel,DUPLICATE,舞台的布景，晚上看起来是那样的辉煌动人，白天阳光一照，却成了一幅拙劣的绘画。生活中也往往出现类似的现象。,舞台的布景，晚上看起来是那样的辉煌动人，白天阳光一照，，却成了一幅拙劣的绘画。生活中也往往出现类似的现象。,false,false,0.9811,0.9811,0.9811,false,0.9962,0.9903,likely_duplicate,exp_v0_research_only_2026-10-02: high full/partial band,small insertion/deletion
C0195_D12_small_indel,1248,19,synthetic:19:31,19,synthetic:19:31,D12_small_indel,DUPLICATE,“我们在《唐璜》的最后一幕，莱波雷洛￼已经跪下。出色的一幕，音乐也值得一听。其中还有各种人性的意味，但仍能感受到彼岸的气息。比如那笑声——不是吗？”,“我们在《唐璜》的最后一幕也，莱波雷洛￼已经跪下。出色的一幕，音乐也值得一听。其中还有各种人性的意味，但仍能感受到彼岸的气息。比如那笑声——不是吗？”,false,false,0.9863,0.9863,0.9863,false,0.9695,0.979,likely_duplicate,exp_v0_research_only_2026-10-02: high full/partial band,small insertion/deletion
C0196_D12_small_indel,1288,20,weread:15,20,weread:15,D12_small_indel,DUPLICATE,恋人和诗人对爱的力量怀有永恒的信念，认为它比死亡还要持久，但那句千百年来一直缠着我们不放的“生命虽尽，爱犹未尽”，实际上不过是一句谎言。这句谎言只是徒劳无益，并非荒唐可笑。,恋人和诗人对爱的力量怀有永恒的信念，认为它比死亡还要持久，但那句千百年来一直缠着我们不，放的“生命虽尽，爱犹未尽”，实际上不过是一句谎言。这句谎言只是徒劳无益，并非荒唐可笑。,false,false,0.9885,0.9885,0.9885,false,0.9558,0.9825,likely_duplicate,exp_v0_research_only_2026-10-02: high full/partial band,small insertion/deletion
C0197_D12_small_indel,1317,5,weread:16,5,weread:16,D12_small_indel,DUPLICATE,书是一种点状的、粉末状的物质。在洋洋洒洒的文字之中，读者只能注意到最小的片断、词组、譬喻、句法联系、逻辑关系，以及具有丰富涵义的词汇特点。这些东西好比构成作品核心的基本粒子,书是一种点状的、粉末状的物质也。在洋洋洒洒的文字之中，读者只能注意到最小的片断、词组、譬喻、句法联系、逻辑关系，以及具有丰富涵义的词汇特点。这些东西好比构成作品核心的基本粒子,false,false,0.9885,0.9885,0.9885,false,0.9977,0.9825,likely_duplicate,exp_v0_research_only_2026-10-02: high full/partial band,small insertion/deletion
C0198_D13_multi_edition,1,1,synthetic:1:0,1,synthetic:1:0,D13_multi_edition,AMBIGUOUS,"我很伤心，不是因为她冲我大声嚷嚷，而是因为我知道那是托尼·加德纳的唱片，我知道那张唱片对她来说多么重要。我还知道从此以后，当加德纳轻声吟唱那些美国歌曲时，唱片就会发出""嗞嗞""的声音。","我很伤心也，不是由于她冲我大声嚷嚷，而是因为我知道那是托尼·加德纳的唱片，我知道那张唱片对她来说多么重要！我还知道从此以后，当加德纳轻声吟唱那些美国歌曲时，唱片就会发出""嗞嗞""的声音。",false,false,0.9565,0.9565,0.9891,false,0.9279,0.9282,likely_duplicate,exp_v0_research_only_2026-10-02: high full/partial band,combined small edition-like edits
C0199_D13_multi_edition,2,1,synthetic:1:0,1,synthetic:1:0,D13_multi_edition,DUPLICATE,"我说我不想叨扰他，可是加德纳先生的语气里有丝丝温和的坚持。""不会，不会，坐下。你刚才说你母亲喜欢我的唱片。""","我说我不想叨扰他也，可是加德纳先生的语气里有丝丝温和的坚持！""不会，不会，坐下。你刚才说你母亲喜欢我的唱片。""",false,false,0.963,0.963,0.9815,false,0.9427,0.9333,likely_duplicate,exp_v0_research_only_2026-10-02: high full/partial band,combined small edition-like edits
C0200_D13_multi_edition,14,2,synthetic:2:0,2,synthetic:2:0,D13_multi_edition,DUPLICATE,他如同一个吃得太多、喝得太撑之人，想要将一切在痛苦中呕吐出去，只为换来一丝解脱。他渴望以一场巨大的呕吐，将所有的欢愉、所有的习性、这荒唐无意的生活，连同他自己一并抛洒、清空。,他如同一个吃得太多、喝得太撑之人也，想要将一切在痛苦中呕吐出去，只为换来一丝解脱！他渴望以一场巨大的呕吐，将所有的欢愉、所有的习性、这荒唐无意的生活，连同他自己一并抛洒、清空。,false,false,0.9773,0.9773,0.9886,false,0.9932,0.9595,likely_duplicate,exp_v0_research_only_2026-10-02: high full/partial band,combined small edition-like edits
C0201_D13_multi_edition,16,2,synthetic:2:0,2,synthetic:2:0,D13_multi_edition,DUPLICATE,他深深陷入了轮回之流，四面八方的厌恶与死亡被他吸收殆尽，就像一块吸满了水的海绵。他满是倦怠，满是苦痛，满是死亡。,他深深陷入了轮回之流也，四面八方的厌恶与死亡被他吸收殆尽，就像一块吸满了水的海绵！他满是倦怠，满是苦痛，满是死亡。,false,false,0.9649,0.9649,0.9825,false,0.9603,0.9369,likely_duplicate,exp_v0_research_only_2026-10-02: high full/partial band,combined small edition-like edits
C0202_D13_multi_edition,63,4,synthetic:4:1,4,synthetic:4:1,D13_multi_edition,DUPLICATE,他们决定，他们将在这里，在厨房里等到天黑。弗塔基把一把椅子拉到窗户跟前，眼睛盯着街对面的房子。施密特的困意上来了，趴在桌子上开始打起呼噜，妇人则从餐具柜后面拉出一只带铁箍的军用木箱，掸掉上面的灰尘，将箱子里面也擦拭干净，随后开始一声不响往箱子里装他们的衣物。,他们决定也，他们将在这里，在厨房里等到天黑！弗塔基把一把椅子拉到窗户跟前，眼睛盯着街对面的房子。施密特的困意上来了，趴在桌子上开始打起呼噜，妇人则从餐具柜后面拉出一只带铁箍的军用木箱，掸掉上面的灰尘，将箱子里面也擦拭干净，随后开始一声不响往箱子里装他们的衣物。,false,false,0.9846,0.9846,0.9923,false,0.9751,0.9728,likely_duplicate,exp_v0_research_only_2026-10-02: high full/partial band,combined small edition-like edits
C0203_D13_multi_edition,66,4,synthetic:4:1,4,synthetic:4:1,D13_multi_edition,DUPLICATE,"施密特从风雨衣的内侧口袋里掏出一个用麻绳捆着、塞得鼓鼓囊囊、已被汗水浸湿的信封。""等一下，""施密特夫人喊住丈夫，迅速用一块搌布把桌面擦干净，""现在行了。""","施密特从风雨衣的内侧口袋里掏出一个用麻绳捆着、塞得鼓鼓囊囊、已被汗水浸湿的信封也！""等一下，""施密特夫人喊住丈夫，迅速用一块搌布把桌面擦干净，""现在行了。""",false,false,0.974,0.974,0.987,false,0.9442,0.9669,likely_duplicate,exp_v0_research_only_2026-10-02: high full/partial band,combined small edition-like edits
C0204_D13_multi_edition,192,7,synthetic:7:4,7,synthetic:7:4,D13_multi_edition,DUPLICATE,因此，这位主人公所具有的双重身份就显得意味深长：“他既是时代的控诉者，又是被时代和历史所控诉的对象。”,因此也，这位主人公所具有的双重身份就显得意味深长：“他既是时代的控诉者，又是被时代和历史所控诉的对象！”,false,false,0.9608,0.9608,0.9804,false,0.9842,0.9495,likely_duplicate,exp_v0_research_only_2026-10-02: high full/partial band,combined small edition-like edits
C0205_D13_multi_edition,217,7,synthetic:7:5,7,synthetic:7:5,D13_multi_edition,DUPLICATE,这种笔调胜过千言万语的辩解，瞬间就让他们明白，对于“昨日那些不堪回首的往事”，我持一种超然物外的态度。我绝非如诸位所想象的那般被打击得魂飞魄散，相反，我以一个懂得自重的绅士所应有的从容与淡定来看待此事。,这种笔调胜过千言万语的辩解也，瞬间就让他们明白，对于“昨日那些不堪回首的往事”，我持一种超然物外的态度！我绝非如诸位所想象的那般被打击得魂飞魄散，相反，我以一个懂得自重的绅士所应有的从容与淡定来看待此事。,false,false,0.9804,0.9804,0.9902,false,0.9941,0.9652,likely_duplicate,exp_v0_research_only_2026-10-02: high full/partial band,combined small edition-like edits
C0206_N1_unrelated,1,1,synthetic:1:0,1,synthetic:1:0,N1_unrelated,NOT_DUPLICATE,"我很伤心，不是因为她冲我大声嚷嚷，而是因为我知道那是托尼·加德纳的唱片，我知道那张唱片对她来说多么重要。我还知道从此以后，当加德纳轻声吟唱那些美国歌曲时，唱片就会发出""嗞嗞""的声音。","我说我不想叨扰他，可是加德纳先生的语气里有丝丝温和的坚持。""不会，不会，坐下。你刚才说你母亲喜欢我的唱片。""",false,false,0.1319,0.0755,0.5824,false,0.4362,0.0704,likely_new,exp_v0_research_only_2026-10-02: below mid band,different quote same book
C0207_N1_unrelated,2,1,synthetic:1:0,1,synthetic:1:0,N1_unrelated,NOT_DUPLICATE,"我说我不想叨扰他，可是加德纳先生的语气里有丝丝温和的坚持。""不会，不会，坐下。你刚才说你母亲喜欢我的唱片。""","我很伤心，不是因为她冲我大声嚷嚷，而是因为我知道那是托尼·加德纳的唱片，我知道那张唱片对她来说多么重要。我还知道从此以后，当加德纳轻声吟唱那些美国歌曲时，唱片就会发出""嗞嗞""的声音。",false,false,0.1319,0.0755,0.5824,false,0.4362,0.0704,likely_new,exp_v0_research_only_2026-10-02: below mid band,different quote same book
C0208_N1_unrelated,14,2,synthetic:2:0,2,synthetic:2:0,N1_unrelated,NOT_DUPLICATE,他如同一个吃得太多、喝得太撑之人，想要将一切在痛苦中呕吐出去，只为换来一丝解脱。他渴望以一场巨大的呕吐，将所有的欢愉、所有的习性、这荒唐无意的生活，连同他自己一并抛洒、清空。,他深深陷入了轮回之流，四面八方的厌恶与死亡被他吸收殆尽，就像一块吸满了水的海绵。他满是倦怠，满是苦痛，满是死亡。,false,false,0.092,0.0702,0.6437,false,0.4121,0.0142,likely_new,exp_v0_research_only_2026-10-02: below mid band,different quote same book
C0209_N1_unrelated,16,2,synthetic:2:0,2,synthetic:2:0,N1_unrelated,NOT_DUPLICATE,他深深陷入了轮回之流，四面八方的厌恶与死亡被他吸收殆尽，就像一块吸满了水的海绵。他满是倦怠，满是苦痛，满是死亡。,他如同一个吃得太多、喝得太撑之人，想要将一切在痛苦中呕吐出去，只为换来一丝解脱。他渴望以一场巨大的呕吐，将所有的欢愉、所有的习性、这荒唐无意的生活，连同他自己一并抛洒、清空。,false,false,0.092,0.0702,0.6437,false,0.4121,0.0142,likely_new,exp_v0_research_only_2026-10-02: below mid band,different quote same book
C0210_N1_unrelated,63,4,synthetic:4:1,4,synthetic:4:1,N1_unrelated,NOT_DUPLICATE,他们决定，他们将在这里，在厨房里等到天黑。弗塔基把一把椅子拉到窗户跟前，眼睛盯着街对面的房子。施密特的困意上来了，趴在桌子上开始打起呼噜，妇人则从餐具柜后面拉出一只带铁箍的军用木箱，掸掉上面的灰尘，将箱子里面也擦拭干净，随后开始一声不响往箱子里装他们的衣物。,"施密特从风雨衣的内侧口袋里掏出一个用麻绳捆着、塞得鼓鼓囊囊、已被汗水浸湿的信封。""等一下，""施密特夫人喊住丈夫，迅速用一块搌布把桌面擦干净，""现在行了。""",false,false,0.093,0.0649,0.5891,false,0.3479,0.0493,likely_new,exp_v0_research_only_2026-10-02: below mid band,different quote same book
C0211_N1_unrelated,66,4,synthetic:4:1,4,synthetic:4:1,N1_unrelated,NOT_DUPLICATE,"施密特从风雨衣的内侧口袋里掏出一个用麻绳捆着、塞得鼓鼓囊囊、已被汗水浸湿的信封。""等一下，""施密特夫人喊住丈夫，迅速用一块搌布把桌面擦干净，""现在行了。""",他们决定，他们将在这里，在厨房里等到天黑。弗塔基把一把椅子拉到窗户跟前，眼睛盯着街对面的房子。施密特的困意上来了，趴在桌子上开始打起呼噜，妇人则从餐具柜后面拉出一只带铁箍的军用木箱，掸掉上面的灰尘，将箱子里面也擦拭干净，随后开始一声不响往箱子里装他们的衣物。,false,false,0.093,0.0649,0.5891,false,0.3479,0.0493,likely_new,exp_v0_research_only_2026-10-02: below mid band,different quote same book
C0212_N1_unrelated,192,7,synthetic:7:4,7,synthetic:7:5,N1_unrelated,NOT_DUPLICATE,因此，这位主人公所具有的双重身份就显得意味深长：“他既是时代的控诉者，又是被时代和历史所控诉的对象。”,因他之故，我想必能得上苍宽恕诸多过错。,false,false,0.08,0.1,0.38,false,0.3747,0,structurally_blocked,exp_v0_research_only_2026-10-02: book/chapter gate,different quote same book
C0213_N1_unrelated,210,7,synthetic:7:5,7,synthetic:7:5,N1_unrelated,NOT_DUPLICATE,因他之故，我想必能得上苍宽恕诸多过错。,这种笔调胜过千言万语的辩解，瞬间就让他们明白，对于“昨日那些不堪回首的往事”，我持一种超然物外的态度。我绝非如诸位所想象的那般被打击得魂飞魄散，相反，我以一个懂得自重的绅士所应有的从容与淡定来看待此事。,false,false,0.0594,0.15,0.1881,false,0.3195,0.0169,likely_new,exp_v0_research_only_2026-10-02: below mid band,different quote same book
C0214_N1_unrelated,217,7,synthetic:7:5,7,synthetic:7:4,N1_unrelated,NOT_DUPLICATE,这种笔调胜过千言万语的辩解，瞬间就让他们明白，对于“昨日那些不堪回首的往事”，我持一种超然物外的态度。我绝非如诸位所想象的那般被打击得魂飞魄散，相反，我以一个懂得自重的绅士所应有的从容与淡定来看待此事。,因此，这位主人公所具有的双重身份就显得意味深长：“他既是时代的控诉者，又是被时代和历史所控诉的对象。”,false,false,0.0792,0.0784,0.495,false,0.347,0.0134,structurally_blocked,exp_v0_research_only_2026-10-02: book/chapter gate,different quote same book
C0215_N1_unrelated,445,9,synthetic:9:11,9,synthetic:9:11,N1_unrelated,NOT_DUPLICATE,“是六天九小时二十七分。​”飞船修正道。,我静静地在那儿坐了片刻，最后说道：“数十亿人尽可以做他们想做的，但我的生命对我来说很重要。我只是想让它……属于我自己。”,false,false,0.0508,0.0526,0.322,false,0.2918,0,likely_new,exp_v0_research_only_2026-10-02: below mid band,different quote same book
C0216_N1_unrelated,475,9,synthetic:9:11,9,synthetic:9:13,N1_unrelated,NOT_DUPLICATE,我静静地在那儿坐了片刻，最后说道：“数十亿人尽可以做他们想做的，但我的生命对我来说很重要。我只是想让它……属于我自己。”,他们脚底下的“手掌”颤动着，朝下坠落五米，几乎将他们颠进空中，然后再次颤动起来。耳畔传来一阵隆隆声，好似巨型建筑倒塌，又好似山坡发生了雪崩。 布劳恩很明显地感觉到，云门是在笑。,false,false,0.0455,0.0508,0.6705,false,0.3022,0.0138,structurally_blocked,exp_v0_research_only_2026-10-02: book/chapter gate,different quote same book
C0217_N1_unrelated,547,9,synthetic:9:13,9,synthetic:9:11,N1_unrelated,NOT_DUPLICATE,他们脚底下的“手掌”颤动着，朝下坠落五米，几乎将他们颠进空中，然后再次颤动起来。耳畔传来一阵隆隆声，好似巨型建筑倒塌，又好似山坡发生了雪崩。 布劳恩很明显地感觉到，云门是在笑。,“是六天九小时二十七分。​”飞船修正道。,false,false,0.0227,0.0526,0.2159,false,0.2093,0,structurally_blocked,exp_v0_research_only_2026-10-02: book/chapter gate,different quote same book
C0218_N1_unrelated,583,10,synthetic:10:14,10,synthetic:10:15,N1_unrelated,NOT_DUPLICATE,大自然并不惮于将其自身呈现给他们。,他有时候会大声说：“我好喜欢聊天啊！天啊，我可以聊一整天！”,false,false,0.0345,0.0588,0.5862,false,0.3644,0,structurally_blocked,exp_v0_research_only_2026-10-02: book/chapter gate,different quote same book
C0219_N1_unrelated,600,10,synthetic:10:15,10,synthetic:10:15,N1_unrelated,NOT_DUPLICATE,他有时候会大声说：“我好喜欢聊天啊！天啊，我可以聊一整天！”,我离镇区的距离倒是能够帮我筛选朋友呢。我在孤寂的大海中已经航行了很远，应酬的江河虽然汇入这片汪洋，但能够在我身边积聚的，基本上都是最优秀的沉淀物，这是很符合我个人的需要的。,false,false,0.0465,0.0345,0.3372,false,0.2698,0,likely_new,exp_v0_research_only_2026-10-02: below mid band,different quote same book
C0220_N1_unrelated,602,10,synthetic:10:15,10,synthetic:10:14,N1_unrelated,NOT_DUPLICATE,我离镇区的距离倒是能够帮我筛选朋友呢。我在孤寂的大海中已经航行了很远，应酬的江河虽然汇入这片汪洋，但能够在我身边积聚的，基本上都是最优秀的沉淀物，这是很符合我个人的需要的。,大自然并不惮于将其自身呈现给他们。,false,false,0.0465,0.0588,0.1977,false,0.2371,0,structurally_blocked,exp_v0_research_only_2026-10-02: book/chapter gate,different quote same book
C0221_N1_unrelated,656,11,synthetic:11:16,11,synthetic:11:18,N1_unrelated,NOT_DUPLICATE,“不过，当然了，这也并不意味着偶尔就不会有这种的时候—在极其孤独的时刻—你会想要对自己说：‘我的人生中犯了个多么可怕的错误。’而且你会开始想象一种不同的生活，一种你原本可能拥有的更好的生活。,她开始走上楼梯，但我又叫住她，跟她说：​“肯顿小姐，请别把我此刻不肯马上上楼去为家父送终看作不近人情之举。您知道，我相信家父也会希望我现在履行好自己的职责。​”,false,false,0.0319,0.038,0.8404,false,0.325,0.0351,structurally_blocked,exp_v0_research_only_2026-10-02: book/chapter gate,different quote same book
C0222_N1_unrelated,729,11,synthetic:11:18,11,synthetic:11:16,N1_unrelated,NOT_DUPLICATE,她开始走上楼梯，但我又叫住她，跟她说：​“肯顿小姐，请别把我此刻不肯马上上楼去为家父送终看作不近人情之举。您知道，我相信家父也会希望我现在履行好自己的职责。​”,“不过，当然了，这也并不意味着偶尔就不会有这种的时候—在极其孤独的时刻—你会想要对自己说：‘我的人生中犯了个多么可怕的错误。’而且你会开始想象一种不同的生活，一种你原本可能拥有的更好的生活。,false,false,0.0319,0.038,0.8404,false,0.325,0.0351,structurally_blocked,exp_v0_research_only_2026-10-02: book/chapter gate,different quote same book
C0223_N1_unrelated,788,12,synthetic:12:19,12,synthetic:12:20,N1_unrelated,NOT_DUPLICATE,后来，加缪又在《局外人》英译本的序言中，对这个人物作出一连串的赞词：“他不耍花招，从这个意义上说，他是他所生活的那个社会里的局外人”，“他拒绝说谎……是什么，他就说是什么。他拒绝矫饰自己的感情，于是社会就感到受到了威胁”，“他是穷人，是坦诚的人，喜爱光明正大”，“一个无任何英雄行为而自愿为真理而死的人”。,。我正要请他离开，不要再管我，他却转身向我，突然大声叫嚷了起来：“不，我不信您的话，我确信您曾经盼望过另外一种生活。,false,false,0.0654,0.069,0.3791,false,0.3308,0.0287,structurally_blocked,exp_v0_research_only_2026-10-02: book/chapter gate,different quote same book
C0224_N1_unrelated,802,12,synthetic:12:20,12,synthetic:12:19,N1_unrelated,NOT_DUPLICATE,。我正要请他离开，不要再管我，他却转身向我，突然大声叫嚷了起来：“不，我不信您的话，我确信您曾经盼望过另外一种生活。,后来，加缪又在《局外人》英译本的序言中，对这个人物作出一连串的赞词：“他不耍花招，从这个意义上说，他是他所生活的那个社会里的局外人”，“他拒绝说谎……是什么，他就说是什么。他拒绝矫饰自己的感情，于是社会就感到受到了威胁”，“他是穷人，是坦诚的人，喜爱光明正大”，“一个无任何英雄行为而自愿为真理而死的人”。,false,false,0.0654,0.069,0.3791,false,0.3308,0.0287,structurally_blocked,exp_v0_research_only_2026-10-02: book/chapter gate,different quote same book
C0225_N1_unrelated,890,13,synthetic:13:22,13,synthetic:13:22,N1_unrelated,NOT_DUPLICATE,这个系统会分析：“这是适合领略美的环境吗？如果是，那就欣赏吧；如果不是，那就忽略吧。”但这样就圆满了吗？这就是人们谈论的“辅助性成熟”吗？,地狱的主要惩罚是对生前没有信仰上帝的悔恨,false,false,0.0435,0.05,0.2899,false,0.2097,0,likely_new,exp_v0_research_only_2026-10-02: below mid band,different quote same book
C0226_N1_unrelated,898,13,synthetic:13:22,13,synthetic:13:22,N1_unrelated,NOT_DUPLICATE,地狱的主要惩罚是对生前没有信仰上帝的悔恨,这个系统会分析：“这是适合领略美的环境吗？如果是，那就欣赏吧；如果不是，那就忽略吧。”但这样就圆满了吗？这就是人们谈论的“辅助性成熟”吗？,false,false,0.0435,0.05,0.2899,false,0.2097,0,likely_new,exp_v0_research_only_2026-10-02: below mid band,different quote same book
C0227_N1_unrelated,1160,17,synthetic:17:29,17,synthetic:17:29,N1_unrelated,NOT_DUPLICATE,舞台的布景，晚上看起来是那样的辉煌动人，白天阳光一照，却成了一幅拙劣的绘画。生活中也往往出现类似的现象。,这些群众听到这蒸汽呼哨出来的歌声，个个兴奋得不能自制，美国人大声呼叫：“呼啦！”德国人高喊：“啊嘿！”墨西哥人则是叫着：“哎，维瓦！”卡菲拉人高兴得像野兽得到美味那样狂呼乱叫。,false,false,0.0568,0.0577,0.5909,false,0.2899,0.0145,likely_new,exp_v0_research_only_2026-10-02: below mid band,different quote same book
C0228_N1_unrelated,1185,17,synthetic:17:29,17,synthetic:17:29,N1_unrelated,NOT_DUPLICATE,这些群众听到这蒸汽呼哨出来的歌声，个个兴奋得不能自制，美国人大声呼叫：“呼啦！”德国人高喊：“啊嘿！”墨西哥人则是叫着：“哎，维瓦！”卡菲拉人高兴得像野兽得到美味那样狂呼乱叫。,舞台的布景，晚上看起来是那样的辉煌动人，白天阳光一照，却成了一幅拙劣的绘画。生活中也往往出现类似的现象。,false,false,0.0568,0.0577,0.5909,false,0.2899,0.0145,likely_new,exp_v0_research_only_2026-10-02: below mid band,different quote same book
C0229_N1_unrelated,1248,19,synthetic:19:31,19,synthetic:19:31,N1_unrelated,NOT_DUPLICATE,“我们在《唐璜》的最后一幕，莱波雷洛￼已经跪下。出色的一幕，音乐也值得一听。其中还有各种人性的意味，但仍能感受到彼岸的气息。比如那笑声——不是吗？”,浮士德曾说过一句教师们十分熟悉，庸人们分外赞赏的话：“啊，我胸中住着两个灵魂！”但他忘了，他胸中还住着梅菲斯特和一大群其他灵魂。我们的荒原狼也认为他胸中住着两个灵魂（狼和人），还认为他的胸膛因此拥挤不堪。一个人的胸膛、身躯向来只有一个，但居住其中的，却绝不止两个或五个灵魂，而是无数个灵魂。,false,false,0.0828,0.0556,0.4966,false,0.3494,0.0372,likely_new,exp_v0_research_only_2026-10-02: below mid band,different quote same book
C0230_N1_unrelated,1273,19,synthetic:19:31,19,synthetic:19:31,N1_unrelated,NOT_DUPLICATE,浮士德曾说过一句教师们十分熟悉，庸人们分外赞赏的话：“啊，我胸中住着两个灵魂！”但他忘了，他胸中还住着梅菲斯特和一大群其他灵魂。我们的荒原狼也认为他胸中住着两个灵魂（狼和人），还认为他的胸膛因此拥挤不堪。一个人的胸膛、身躯向来只有一个，但居住其中的，却绝不止两个或五个灵魂，而是无数个灵魂。,“我们在《唐璜》的最后一幕，莱波雷洛￼已经跪下。出色的一幕，音乐也值得一听。其中还有各种人性的意味，但仍能感受到彼岸的气息。比如那笑声——不是吗？”,false,false,0.0828,0.0556,0.4966,false,0.3494,0.0372,likely_new,exp_v0_research_only_2026-10-02: below mid band,different quote same book
C0231_N1_unrelated,1288,20,weread:15,20,weread:2,N1_unrelated,NOT_DUPLICATE,恋人和诗人对爱的力量怀有永恒的信念，认为它比死亡还要持久，但那句千百年来一直缠着我们不放的“生命虽尽，爱犹未尽”，实际上不过是一句谎言。这句谎言只是徒劳无益，并非荒唐可笑。,我什么时候起飞？”我问道，一边听到一种沙沙的响声，就好像细沙落在膜片上的声音。,false,false,0.0581,0.0513,0.4535,false,0.2869,0,structurally_blocked,exp_v0_research_only_2026-10-02: book/chapter gate,different quote same book
C0232_N1_unrelated,1313,20,weread:2,20,weread:15,N1_unrelated,NOT_DUPLICATE,我什么时候起飞？”我问道，一边听到一种沙沙的响声，就好像细沙落在膜片上的声音。,恋人和诗人对爱的力量怀有永恒的信念，认为它比死亡还要持久，但那句千百年来一直缠着我们不放的“生命虽尽，爱犹未尽”，实际上不过是一句谎言。这句谎言只是徒劳无益，并非荒唐可笑。,false,false,0.0581,0.0513,0.4535,false,0.2869,0,structurally_blocked,exp_v0_research_only_2026-10-02: book/chapter gate,different quote same book
C0233_N1_unrelated,1317,5,weread:16,5,weread:13,N1_unrelated,NOT_DUPLICATE,书是一种点状的、粉末状的物质。在洋洋洒洒的文字之中，读者只能注意到最小的片断、词组、譬喻、句法联系、逻辑关系，以及具有丰富涵义的词汇特点。这些东西好比构成作品核心的基本粒子,用她的话说，理想的作家就是像“南瓜秧子结南瓜”一样创作的作家。她还用了一些别的顺应自然过程的隐喻，像风沿山坡走、潮水有涨落、年轮不瞒树龄等。,false,false,0.0233,0.0286,0.814,false,0.3465,0,structurally_blocked,exp_v0_research_only_2026-10-02: book/chapter gate,different quote same book
C0234_N1_unrelated,1337,5,weread:13,5,synthetic:5:35,N1_unrelated,NOT_DUPLICATE,用她的话说，理想的作家就是像“南瓜秧子结南瓜”一样创作的作家。她还用了一些别的顺应自然过程的隐喻，像风沿山坡走、潮水有涨落、年轮不瞒树龄等。,柳德米拉,false,false,0,0,0.0571,false,0,0,structurally_blocked,exp_v0_research_only_2026-10-02: book/chapter gate,different quote same book
C0235_N1_unrelated,1401,5,synthetic:5:35,5,weread:16,N1_unrelated,NOT_DUPLICATE,柳德米拉,书是一种点状的、粉末状的物质。在洋洋洒洒的文字之中，读者只能注意到最小的片断、词组、譬喻、句法联系、逻辑关系，以及具有丰富涵义的词汇特点。这些东西好比构成作品核心的基本粒子,false,false,0,0,0.0465,false,0,0,structurally_blocked,exp_v0_research_only_2026-10-02: book/chapter gate,different quote same book
C0236_N2_lexical_overlap_diff_meaning,1,1,synthetic:1:0,1,synthetic:1:0,N2_lexical_overlap_diff_meaning,NOT_DUPLICATE,"我很伤心，不是因为她冲我大声嚷嚷，而是因为我知道那是托尼·加德纳的唱片，我知道那张唱片对她来说多么重要。我还知道从此以后，当加德纳轻声吟唱那些美国歌曲时，唱片就会发出""嗞嗞""的声音。","我很伤心，不是因为他冲我大声嚷嚷，而是因为我知道那是托尼·加德纳的唱片，我知道那张唱片对他来说多么重要。我还知道从此以后，当加德纳轻声吟唱那些美国歌曲时，唱片就会发出""嗞嗞""的声音。",false,false,0.978,0.978,1,false,0.9912,0.9556,likely_duplicate,exp_v0_research_only_2026-10-02: high full/partial band,"high lexical overlap, altered meaning"
C0237_N3_subject_object_swap,1,1,synthetic:1:0,1,synthetic:1:0,N3_subject_object_swap,NOT_DUPLICATE,"我很伤心，不是因为她冲我大声嚷嚷，而是因为我知道那是托尼·加德纳的唱片，我知道那张唱片对她来说多么重要。我还知道从此以后，当加德纳轻声吟唱那些美国歌曲时，唱片就会发出""嗞嗞""的声音。","我很伤心，不是因为他冲我大声嚷嚷，而是因为我知道那是托尼·加德纳的唱片，我知道那张唱片对他来说多么重要。我还知道从此以后，当加德纳轻声吟唱那些美国歌曲时，唱片就会发出""嗞嗞""的声音。",false,false,0.978,0.978,1,false,0.9912,0.9556,likely_duplicate,exp_v0_research_only_2026-10-02: high full/partial band,subject substitution trap
C0238_N4_negation,1,1,synthetic:1:0,1,synthetic:1:0,N4_negation,NOT_DUPLICATE,"我很伤心，不是因为她冲我大声嚷嚷，而是因为我知道那是托尼·加德纳的唱片，我知道那张唱片对她来说多么重要。我还知道从此以后，当加德纳轻声吟唱那些美国歌曲时，唱片就会发出""嗞嗞""的声音。","我很伤心，不不是因为她冲我大声嚷嚷，而是因为我知道那是托尼·加德纳的唱片，我知道那张唱片对她来说多么重要。我还知道从此以后，当加德纳轻声吟唱那些美国歌曲时，唱片就会发出""嗞嗞""的声音。",false,false,0.9891,0.9891,0.9891,false,0.9978,0.9945,likely_duplicate,exp_v0_research_only_2026-10-02: high full/partial band,negation trap
C0239_N2_lexical_overlap_diff_meaning,2,1,synthetic:1:0,1,synthetic:1:0,N2_lexical_overlap_diff_meaning,NOT_DUPLICATE,"我说我不想叨扰他，可是加德纳先生的语气里有丝丝温和的坚持。""不会，不会，坐下。你刚才说你母亲喜欢我的唱片。""","我说我不想叨扰她，可是加德纳先生的语气里有丝丝温和的坚持。""不会，不会，坐下。你刚才说你母亲喜欢我的唱片。""",false,false,0.9811,0.9811,1,false,0.9925,0.9615,likely_duplicate,exp_v0_research_only_2026-10-02: high full/partial band,"high lexical overlap, altered meaning"
C0240_N3_subject_object_swap,2,1,synthetic:1:0,1,synthetic:1:0,N3_subject_object_swap,NOT_DUPLICATE,"我说我不想叨扰他，可是加德纳先生的语气里有丝丝温和的坚持。""不会，不会，坐下。你刚才说你母亲喜欢我的唱片。""","我说我不想叨扰她，可是加德纳先生的语气里有丝丝温和的坚持。""不会，不会，坐下。你刚才说你母亲喜欢我的唱片。""",false,false,0.9811,0.9811,1,false,0.9925,0.9615,likely_duplicate,exp_v0_research_only_2026-10-02: high full/partial band,subject substitution trap
C0241_N4_negation,2,1,synthetic:1:0,1,synthetic:1:0,N4_negation,NOT_DUPLICATE,"我说我不想叨扰他，可是加德纳先生的语气里有丝丝温和的坚持。""不会，不会，坐下。你刚才说你母亲喜欢我的唱片。""","我说我不想叨扰他，可不是加德纳先生的语气里有丝丝温和的坚持。""不会，不会，坐下。你刚才说你母亲喜欢我的唱片。""",false,false,0.9815,0.9815,0.9815,false,0.9529,0.9714,likely_duplicate,exp_v0_research_only_2026-10-02: high full/partial band,negation trap
C0242_N2_lexical_overlap_diff_meaning,14,2,synthetic:2:0,2,synthetic:2:0,N2_lexical_overlap_diff_meaning,NOT_DUPLICATE,他如同一个吃得太多、喝得太撑之人，想要将一切在痛苦中呕吐出去，只为换来一丝解脱。他渴望以一场巨大的呕吐，将所有的欢愉、所有的习性、这荒唐无意的生活，连同他自己一并抛洒、清空。,他如同两个吃得太多、喝得太撑之人，想要将一切在痛苦中呕吐出去，只为换来一丝解脱。他渴望以一场巨大的呕吐，将所有的欢愉、所有的习性、这荒唐无意的生活，连同他自己一并抛洒、清空。,false,false,0.9885,0.9885,1,false,0.8915,0.9767,likely_duplicate,exp_v0_research_only_2026-10-02: high full/partial band,"high lexical overlap, altered meaning"
C0243_N3_subject_object_swap,14,2,synthetic:2:0,2,synthetic:2:0,N3_subject_object_swap,NOT_DUPLICATE,他如同一个吃得太多、喝得太撑之人，想要将一切在痛苦中呕吐出去，只为换来一丝解脱。他渴望以一场巨大的呕吐，将所有的欢愉、所有的习性、这荒唐无意的生活，连同他自己一并抛洒、清空。,她如同一个吃得太多、喝得太撑之人，想要将一切在痛苦中呕吐出去，只为换来一丝解脱。她渴望以一场巨大的呕吐，将所有的欢愉、所有的习性、这荒唐无意的生活，连同她自己一并抛洒、清空。,false,false,0.9655,0.9655,1,false,0.977,0.9419,likely_duplicate,exp_v0_research_only_2026-10-02: high full/partial band,subject substitution trap
C0244_N5_entity_swap,14,2,synthetic:2:0,2,synthetic:2:0,N5_entity_swap,NOT_DUPLICATE,他如同一个吃得太多、喝得太撑之人，想要将一切在痛苦中呕吐出去，只为换来一丝解脱。他渴望以一场巨大的呕吐，将所有的欢愉、所有的习性、这荒唐无意的生活，连同他自己一并抛洒、清空。,他如同两个吃得太多、喝得太撑之人，想要将一切在痛苦中呕吐出去，只为换来一丝解脱。他渴望以一场巨大的呕吐，将所有的欢愉、所有的习性、这荒唐无意的生活，连同他自己一并抛洒、清空。,false,false,0.9885,0.9885,1,false,0.8915,0.9767,likely_duplicate,exp_v0_research_only_2026-10-02: high full/partial band,entity/number substitution
C0245_N2_lexical_overlap_diff_meaning,16,2,synthetic:2:0,2,synthetic:2:0,N2_lexical_overlap_diff_meaning,NOT_DUPLICATE,他深深陷入了轮回之流，四面八方的厌恶与死亡被他吸收殆尽，就像一块吸满了水的海绵。他满是倦怠，满是苦痛，满是死亡。,他深深陷入了轮回之流，四面八方的厌恶与死亡被他吸收殆尽，就像两块吸满了水的海绵。他满是倦怠，满是苦痛，满是死亡。,false,false,0.9821,0.9821,1,false,0.9929,0.9636,likely_duplicate,exp_v0_research_only_2026-10-02: high full/partial band,"high lexical overlap, altered meaning"
C0246_N3_subject_object_swap,16,2,synthetic:2:0,2,synthetic:2:0,N3_subject_object_swap,NOT_DUPLICATE,他深深陷入了轮回之流，四面八方的厌恶与死亡被他吸收殆尽，就像一块吸满了水的海绵。他满是倦怠，满是苦痛，满是死亡。,她深深陷入了轮回之流，四面八方的厌恶与死亡被她吸收殆尽，就像一块吸满了水的海绵。她满是倦怠，满是苦痛，满是死亡。,false,false,0.9464,0.9464,1,false,0.9643,0.9091,likely_duplicate,exp_v0_research_only_2026-10-02: high full/partial band,subject substitution trap
C0247_N4_negation,16,2,synthetic:2:0,2,synthetic:2:0,N4_negation,NOT_DUPLICATE,他深深陷入了轮回之流，四面八方的厌恶与死亡被他吸收殆尽，就像一块吸满了水的海绵。他满是倦怠，满是苦痛，满是死亡。,他深深陷入了轮回之流，四面八方的厌恶与死亡被他吸收殆尽，就像一块吸满了水的海绵。他满不是倦怠，满是苦痛，满是死亡。,false,false,0.9825,0.9825,0.9825,false,0.9965,0.973,likely_duplicate,exp_v0_research_only_2026-10-02: high full/partial band,negation trap
C0248_N5_entity_swap,16,2,synthetic:2:0,2,synthetic:2:0,N5_entity_swap,NOT_DUPLICATE,他深深陷入了轮回之流，四面八方的厌恶与死亡被他吸收殆尽，就像一块吸满了水的海绵。他满是倦怠，满是苦痛，满是死亡。,他深深陷入了轮回之流，四面八方的厌恶与死亡被他吸收殆尽，就像两块吸满了水的海绵。他满是倦怠，满是苦痛，满是死亡。,false,false,0.9821,0.9821,1,false,0.9929,0.9636,likely_duplicate,exp_v0_research_only_2026-10-02: high full/partial band,entity/number substitution
C0249_N2_lexical_overlap_diff_meaning,63,4,synthetic:4:1,4,synthetic:4:1,N2_lexical_overlap_diff_meaning,NOT_DUPLICATE,他们决定，他们将在这里，在厨房里等到天黑。弗塔基把一把椅子拉到窗户跟前，眼睛盯着街对面的房子。施密特的困意上来了，趴在桌子上开始打起呼噜，妇人则从餐具柜后面拉出一只带铁箍的军用木箱，掸掉上面的灰尘，将箱子里面也擦拭干净，随后开始一声不响往箱子里装他们的衣物。,他们决定，他们将在这里，在厨房里等到天黑。弗塔基把两把椅子拉到窗户跟前，眼睛盯着街对面的房子。施密特的困意上来了，趴在桌子上开始打起呼噜，妇人则从餐具柜后面拉出一只带铁箍的军用木箱，掸掉上面的灰尘，将箱子里面也擦拭干净，随后开始一声不响往箱子里装他们的衣物。,false,false,0.9922,0.9922,1,false,0.9274,0.9844,likely_duplicate,exp_v0_research_only_2026-10-02: high full/partial band,"high lexical overlap, altered meaning"
C0250_N3_subject_object_swap,63,4,synthetic:4:1,4,synthetic:4:1,N3_subject_object_swap,NOT_DUPLICATE,他们决定，他们将在这里，在厨房里等到天黑。弗塔基把一把椅子拉到窗户跟前，眼睛盯着街对面的房子。施密特的困意上来了，趴在桌子上开始打起呼噜，妇人则从餐具柜后面拉出一只带铁箍的军用木箱，掸掉上面的灰尘，将箱子里面也擦拭干净，随后开始一声不响往箱子里装他们的衣物。,她们决定，她们将在这里，在厨房里等到天黑。弗塔基把一把椅子拉到窗户跟前，眼睛盯着街对面的房子。施密特的困意上来了，趴在桌子上开始打起呼噜，妇人则从餐具柜后面拉出一只带铁箍的军用木箱，掸掉上面的灰尘，将箱子里面也擦拭干净，随后开始一声不响往箱子里装她们的衣物。,false,false,0.9767,0.9767,1,false,0.9845,0.9609,likely_duplicate,exp_v0_research_only_2026-10-02: high full/partial band,subject substitution trap
C0251_N5_entity_swap,63,4,synthetic:4:1,4,synthetic:4:1,N5_entity_swap,NOT_DUPLICATE,他们决定，他们将在这里，在厨房里等到天黑。弗塔基把一把椅子拉到窗户跟前，眼睛盯着街对面的房子。施密特的困意上来了，趴在桌子上开始打起呼噜，妇人则从餐具柜后面拉出一只带铁箍的军用木箱，掸掉上面的灰尘，将箱子里面也擦拭干净，随后开始一声不响往箱子里装他们的衣物。,他们决定，他们将在这里，在厨房里等到天黑。弗塔基把两把椅子拉到窗户跟前，眼睛盯着街对面的房子。施密特的困意上来了，趴在桌子上开始打起呼噜，妇人则从餐具柜后面拉出一只带铁箍的军用木箱，掸掉上面的灰尘，将箱子里面也擦拭干净，随后开始一声不响往箱子里装他们的衣物。,false,false,0.9922,0.9922,1,false,0.9274,0.9844,likely_duplicate,exp_v0_research_only_2026-10-02: high full/partial band,entity/number substitution
C0252_N2_lexical_overlap_diff_meaning,66,4,synthetic:4:1,4,synthetic:4:1,N2_lexical_overlap_diff_meaning,NOT_DUPLICATE,"施密特从风雨衣的内侧口袋里掏出一个用麻绳捆着、塞得鼓鼓囊囊、已被汗水浸湿的信封。""等一下，""施密特夫人喊住丈夫，迅速用一块搌布把桌面擦干净，""现在行了。""","施密特从风雪衣的内侧口袋里掏出一个用麻绳捆着、塞得鼓鼓囊囊、已被汗水浸湿的信封。""等一下，""施密特夫人喊住丈夫，迅速用一块搌布把桌面擦干净，""现在行了。""",false,false,0.9868,0.9868,1,false,0.9947,0.9733,likely_duplicate,exp_v0_research_only_2026-10-02: high full/partial band,"high lexical overlap, altered meaning"
C0253_N5_entity_swap,66,4,synthetic:4:1,4,synthetic:4:1,N5_entity_swap,NOT_DUPLICATE,"施密特从风雨衣的内侧口袋里掏出一个用麻绳捆着、塞得鼓鼓囊囊、已被汗水浸湿的信封。""等一下，""施密特夫人喊住丈夫，迅速用一块搌布把桌面擦干净，""现在行了。""","施密特从风雪衣的内侧口袋里掏出一个用麻绳捆着、塞得鼓鼓囊囊、已被汗水浸湿的信封。""等一下，""施密特夫人喊住丈夫，迅速用一块搌布把桌面擦干净，""现在行了。""",false,false,0.9868,0.9868,1,false,0.9947,0.9733,likely_duplicate,exp_v0_research_only_2026-10-02: high full/partial band,entity/number substitution
C0254_N2_lexical_overlap_diff_meaning,192,7,synthetic:7:4,7,synthetic:7:4,N2_lexical_overlap_diff_meaning,NOT_DUPLICATE,因此，这位主人公所具有的双重身份就显得意味深长：“他既是时代的控诉者，又是被时代和历史所控诉的对象。”,因此，这位主人公所具有的双重身份就显得意味深长：“她既是时代的控诉者，又是被时代和历史所控诉的对象。”,false,false,0.98,0.98,1,false,0.992,0.9592,likely_duplicate,exp_v0_research_only_2026-10-02: high full/partial band,"high lexical overlap, altered meaning"
C0255_N3_subject_object_swap,192,7,synthetic:7:4,7,synthetic:7:4,N3_subject_object_swap,NOT_DUPLICATE,因此，这位主人公所具有的双重身份就显得意味深长：“他既是时代的控诉者，又是被时代和历史所控诉的对象。”,因此，这位主人公所具有的双重身份就显得意味深长：“她既是时代的控诉者，又是被时代和历史所控诉的对象。”,false,false,0.98,0.98,1,false,0.992,0.9592,likely_duplicate,exp_v0_research_only_2026-10-02: high full/partial band,subject substitution trap
C0256_N4_negation,192,7,synthetic:7:4,7,synthetic:7:4,N4_negation,NOT_DUPLICATE,因此，这位主人公所具有的双重身份就显得意味深长：“他既是时代的控诉者，又是被时代和历史所控诉的对象。”,因此，这位主人公所具有的双重身份就显得意味深长：“他既不是时代的控诉者，又是被时代和历史所控诉的对象。”,false,false,0.9804,0.9804,0.9804,false,0.9961,0.9697,likely_duplicate,exp_v0_research_only_2026-10-02: high full/partial band,negation trap
C0257_N2_lexical_overlap_diff_meaning,210,7,synthetic:7:5,7,synthetic:7:5,N2_lexical_overlap_diff_meaning,NOT_DUPLICATE,因他之故，我想必能得上苍宽恕诸多过错。,因她之故，我想必能得上苍宽恕诸多过错。,false,false,0.9474,0.9474,1,false,0.9684,0.8889,likely_duplicate,exp_v0_research_only_2026-10-02: high full/partial band,"high lexical overlap, altered meaning"
C0258_N3_subject_object_swap,210,7,synthetic:7:5,7,synthetic:7:5,N3_subject_object_swap,NOT_DUPLICATE,因他之故，我想必能得上苍宽恕诸多过错。,因她之故，我想必能得上苍宽恕诸多过错。,false,false,0.9474,0.9474,1,false,0.9684,0.8889,likely_duplicate,exp_v0_research_only_2026-10-02: high full/partial band,subject substitution trap
C0259_N4_negation,210,7,synthetic:7:5,7,synthetic:7:5,N4_negation,NOT_DUPLICATE,因他之故，我想必能得上苍宽恕诸多过错。,因他之故，我想必不能得上苍宽恕诸多过错。,false,false,0.95,0.95,0.95,false,0.99,0.9189,likely_duplicate,exp_v0_research_only_2026-10-02: high full/partial band,negation trap
C0260_N2_lexical_overlap_diff_meaning,217,7,synthetic:7:5,7,synthetic:7:5,N2_lexical_overlap_diff_meaning,NOT_DUPLICATE,这种笔调胜过千言万语的辩解，瞬间就让他们明白，对于“昨日那些不堪回首的往事”，我持一种超然物外的态度。我绝非如诸位所想象的那般被打击得魂飞魄散，相反，我以一个懂得自重的绅士所应有的从容与淡定来看待此事。,这种笔调胜过千言万语的辩解，瞬间就让他们明白，对于“昨日那些不堪回首的往事”，我持两种超然物外的态度。我绝非如诸位所想象的那般被打击得魂飞魄散，相反，我以一个懂得自重的绅士所应有的从容与淡定来看待此事。,false,false,0.9901,0.9901,1,false,0.96,0.98,likely_duplicate,exp_v0_research_only_2026-10-02: high full/partial band,"high lexical overlap, altered meaning"
C0261_N3_subject_object_swap,217,7,synthetic:7:5,7,synthetic:7:5,N3_subject_object_swap,NOT_DUPLICATE,这种笔调胜过千言万语的辩解，瞬间就让他们明白，对于“昨日那些不堪回首的往事”，我持一种超然物外的态度。我绝非如诸位所想象的那般被打击得魂飞魄散，相反，我以一个懂得自重的绅士所应有的从容与淡定来看待此事。,这种笔调胜过千言万语的辩解，瞬间就让她们明白，对于“昨日那些不堪回首的往事”，我持一种超然物外的态度。我绝非如诸位所想象的那般被打击得魂飞魄散，相反，我以一个懂得自重的绅士所应有的从容与淡定来看待此事。,false,false,0.9901,0.9901,1,false,0.996,0.98,likely_duplicate,exp_v0_research_only_2026-10-02: high full/partial band,subject substitution trap
C0262_N5_entity_swap,217,7,synthetic:7:5,7,synthetic:7:5,N5_entity_swap,NOT_DUPLICATE,这种笔调胜过千言万语的辩解，瞬间就让他们明白，对于“昨日那些不堪回首的往事”，我持一种超然物外的态度。我绝非如诸位所想象的那般被打击得魂飞魄散，相反，我以一个懂得自重的绅士所应有的从容与淡定来看待此事。,这种笔调胜过千言万语的辩解，瞬间就让他们明白，对于“昨日那些不堪回首的往事”，我持两种超然物外的态度。我绝非如诸位所想象的那般被打击得魂飞魄散，相反，我以一个懂得自重的绅士所应有的从容与淡定来看待此事。,false,false,0.9901,0.9901,1,false,0.96,0.98,likely_duplicate,exp_v0_research_only_2026-10-02: high full/partial band,entity/number substitution
C0263_N2_lexical_overlap_diff_meaning,445,9,synthetic:9:11,9,synthetic:9:11,N2_lexical_overlap_diff_meaning,NOT_DUPLICATE,“是六天九小时二十七分。​”飞船修正道。,“是六天九小时三十七分。​”飞船修正道。,false,false,0.9474,0.9474,1,false,0.9789,0.8889,likely_duplicate,exp_v0_research_only_2026-10-02: high full/partial band,"high lexical overlap, altered meaning"
C0264_N4_negation,445,9,synthetic:9:11,9,synthetic:9:11,N4_negation,NOT_DUPLICATE,“是六天九小时二十七分。​”飞船修正道。,“不是六天九小时二十七分。​”飞船修正道。,false,false,0.95,1,0.95,true,0.9833,0.973,likely_duplicate,exp_v0_research_only_2026-10-02: high full/partial band,negation trap
C0265_N5_entity_swap,445,9,synthetic:9:11,9,synthetic:9:11,N5_entity_swap,NOT_DUPLICATE,“是六天九小时二十七分。​”飞船修正道。,“是六天九小时三十七分。​”飞船修正道。,false,false,0.9474,0.9474,1,false,0.9789,0.8889,likely_duplicate,exp_v0_research_only_2026-10-02: high full/partial band,entity/number substitution
C0266_N2_lexical_overlap_diff_meaning,475,9,synthetic:9:11,9,synthetic:9:11,N2_lexical_overlap_diff_meaning,NOT_DUPLICATE,我静静地在那儿坐了片刻，最后说道：“数十亿人尽可以做他们想做的，但我的生命对我来说很重要。我只是想让它……属于我自己。”,我静静地在那儿坐了片刻，最后说道：“数十亿人尽可以做她们想做的，但我的生命对我来说很重要。我只是想让它……属于我自己。”,false,false,0.9831,0.9831,1,false,0.9932,0.9655,likely_duplicate,exp_v0_research_only_2026-10-02: high full/partial band,"high lexical overlap, altered meaning"
C0267_N3_subject_object_swap,475,9,synthetic:9:11,9,synthetic:9:11,N3_subject_object_swap,NOT_DUPLICATE,我静静地在那儿坐了片刻，最后说道：“数十亿人尽可以做他们想做的，但我的生命对我来说很重要。我只是想让它……属于我自己。”,我静静地在那儿坐了片刻，最后说道：“数十亿人尽可以做她们想做的，但我的生命对我来说很重要。我只是想让它……属于我自己。”,false,false,0.9831,0.9831,1,false,0.9932,0.9655,likely_duplicate,exp_v0_research_only_2026-10-02: high full/partial band,subject substitution trap
C0268_N4_negation,475,9,synthetic:9:11,9,synthetic:9:11,N4_negation,NOT_DUPLICATE,我静静地在那儿坐了片刻，最后说道：“数十亿人尽可以做他们想做的，但我的生命对我来说很重要。我只是想让它……属于我自己。”,我静静地在那儿坐了片刻，最后说道：“数十亿人尽可以做他们想做的，但我的生命对我来说很重要。我只不是想让它……属于我自己。”,false,false,0.9833,0.9833,0.9833,false,0.9967,0.9744,likely_duplicate,exp_v0_research_only_2026-10-02: high full/partial band,negation trap
C0269_N2_lexical_overlap_diff_meaning,547,9,synthetic:9:13,9,synthetic:9:13,N2_lexical_overlap_diff_meaning,NOT_DUPLICATE,他们脚底下的“手掌”颤动着，朝下坠落五米，几乎将他们颠进空中，然后再次颤动起来。耳畔传来一阵隆隆声，好似巨型建筑倒塌，又好似山坡发生了雪崩。 布劳恩很明显地感觉到，云门是在笑。,他们脚底下的“手掌”颤动着，朝下坠落五米，几乎将他们颠进空中，然后再次颤动起来。耳畔传来一阵隆隆声，好似巨型建筑倒塌，又好似山坡发生了雨崩。 布劳恩很明显地感觉到，云门是在笑。,false,false,0.9886,0.9886,1,false,0.9955,0.977,likely_duplicate,exp_v0_research_only_2026-10-02: high full/partial band,"high lexical overlap, altered meaning"
C0270_N3_subject_object_swap,547,9,synthetic:9:13,9,synthetic:9:13,N3_subject_object_swap,NOT_DUPLICATE,他们脚底下的“手掌”颤动着，朝下坠落五米，几乎将他们颠进空中，然后再次颤动起来。耳畔传来一阵隆隆声，好似巨型建筑倒塌，又好似山坡发生了雪崩。 布劳恩很明显地感觉到，云门是在笑。,她们脚底下的“手掌”颤动着，朝下坠落五米，几乎将她们颠进空中，然后再次颤动起来。耳畔传来一阵隆隆声，好似巨型建筑倒塌，又好似山坡发生了雪崩。 布劳恩很明显地感觉到，云门是在笑。,false,false,0.9773,0.9773,1,false,0.9848,0.9655,likely_duplicate,exp_v0_research_only_2026-10-02: high full/partial band,subject substitution trap
C0271_N4_negation,547,9,synthetic:9:13,9,synthetic:9:13,N4_negation,NOT_DUPLICATE,他们脚底下的“手掌”颤动着，朝下坠落五米，几乎将他们颠进空中，然后再次颤动起来。耳畔传来一阵隆隆声，好似巨型建筑倒塌，又好似山坡发生了雪崩。 布劳恩很明显地感觉到，云门是在笑。,他们脚底下的“手掌”颤动着，朝下坠落五米，几乎将他们颠进空中，然后再次颤动起来。耳畔传来一阵隆隆声，好似巨型建筑倒塌，又好似山坡发生了雪崩。 布劳恩很明显地感觉到，云门不是在笑。,false,false,0.9888,0.9888,0.9888,false,0.9978,0.9829,likely_duplicate,exp_v0_research_only_2026-10-02: high full/partial band,negation trap
C0272_N5_entity_swap,547,9,synthetic:9:13,9,synthetic:9:13,N5_entity_swap,NOT_DUPLICATE,他们脚底下的“手掌”颤动着，朝下坠落五米，几乎将他们颠进空中，然后再次颤动起来。耳畔传来一阵隆隆声，好似巨型建筑倒塌，又好似山坡发生了雪崩。 布劳恩很明显地感觉到，云门是在笑。,他们脚底下的“手掌”颤动着，朝下坠落五米，几乎将他们颠进空中，然后再次颤动起来。耳畔传来一阵隆隆声，好似巨型建筑倒塌，又好似山坡发生了雨崩。 布劳恩很明显地感觉到，云门是在笑。,false,false,0.9886,0.9886,1,false,0.9955,0.977,likely_duplicate,exp_v0_research_only_2026-10-02: high full/partial band,entity/number substitution
C0273_N2_lexical_overlap_diff_meaning,583,10,synthetic:10:14,10,synthetic:10:14,N2_lexical_overlap_diff_meaning,NOT_DUPLICATE,大自然并不惮于将其自身呈现给他们。,大自然并不惮于将其自身呈现给她们。,false,false,0.9412,0.9412,1,false,0.9765,0.875,likely_duplicate,exp_v0_research_only_2026-10-02: high full/partial band,"high lexical overlap, altered meaning"
C0274_N3_subject_object_swap,583,10,synthetic:10:14,10,synthetic:10:14,N3_subject_object_swap,NOT_DUPLICATE,大自然并不惮于将其自身呈现给他们。,大自然并不惮于将其自身呈现给她们。,false,false,0.9412,0.9412,1,false,0.9765,0.875,likely_duplicate,exp_v0_research_only_2026-10-02: high full/partial band,subject substitution trap
C0275_N2_lexical_overlap_diff_meaning,600,10,synthetic:10:15,10,synthetic:10:15,N2_lexical_overlap_diff_meaning,NOT_DUPLICATE,他有时候会大声说：“我好喜欢聊天啊！天啊，我可以聊一整天！”,他有时候会大声说：“我好喜欢聊天啊！天啊，我可以聊两整天！”,false,false,0.9655,0.9655,1,false,0.9862,0.9286,likely_duplicate,exp_v0_research_only_2026-10-02: high full/partial band,"high lexical overlap, altered meaning"
C0276_N3_subject_object_swap,600,10,synthetic:10:15,10,synthetic:10:15,N3_subject_object_swap,NOT_DUPLICATE,他有时候会大声说：“我好喜欢聊天啊！天啊，我可以聊一整天！”,她有时候会大声说：“我好喜欢聊天啊！天啊，我可以聊一整天！”,false,false,0.9655,0.9655,1,false,0.977,0.9643,likely_duplicate,exp_v0_research_only_2026-10-02: high full/partial band,subject substitution trap
C0277_N4_negation,600,10,synthetic:10:15,10,synthetic:10:15,N4_negation,NOT_DUPLICATE,他有时候会大声说：“我好喜欢聊天啊！天啊，我可以聊一整天！”,他有时候不会大声说：“我好喜欢聊天啊！天啊，我可以聊一整天！”,false,false,0.9667,0.9667,0.9667,false,0.9933,0.9474,likely_duplicate,exp_v0_research_only_2026-10-02: high full/partial band,negation trap
C0278_N5_entity_swap,600,10,synthetic:10:15,10,synthetic:10:15,N5_entity_swap,NOT_DUPLICATE,他有时候会大声说：“我好喜欢聊天啊！天啊，我可以聊一整天！”,他有时候会大声说：“我好喜欢聊天啊！天啊，我可以聊两整天！”,false,false,0.9655,0.9655,1,false,0.9862,0.9286,likely_duplicate,exp_v0_research_only_2026-10-02: high full/partial band,entity/number substitution
C0279_N4_negation,602,10,synthetic:10:15,10,synthetic:10:15,N4_negation,NOT_DUPLICATE,我离镇区的距离倒是能够帮我筛选朋友呢。我在孤寂的大海中已经航行了很远，应酬的江河虽然汇入这片汪洋，但能够在我身边积聚的，基本上都是最优秀的沉淀物，这是很符合我个人的需要的。,我离镇区的距离倒不是能够帮我筛选朋友呢。我在孤寂的大海中已经航行了很远，应酬的江河虽然汇入这片汪洋，但能够在我身边积聚的，基本上都是最优秀的沉淀物，这是很符合我个人的需要的。,false,false,0.9885,0.9885,0.9885,false,0.9977,0.9825,likely_duplicate,exp_v0_research_only_2026-10-02: high full/partial band,negation trap
C0280_N2_lexical_overlap_diff_meaning,656,11,synthetic:11:16,11,synthetic:11:16,N2_lexical_overlap_diff_meaning,NOT_DUPLICATE,“不过，当然了，这也并不意味着偶尔就不会有这种的时候—在极其孤独的时刻—你会想要对自己说：‘我的人生中犯了个多么可怕的错误。’而且你会开始想象一种不同的生活，一种你原本可能拥有的更好的生活。,“不过，当然了，这也并不意味着偶尔就不会有这种的时候—在极其孤独的时刻—你会想要对自己说：‘我的人生中犯了个多么可怕的错误。’而且你会开始想象两种不同的生活，一种你原本可能拥有的更好的生活。,false,false,0.9894,0.9894,1,false,0.9871,0.9785,likely_duplicate,exp_v0_research_only_2026-10-02: high full/partial band,"high lexical overlap, altered meaning"
C0281_N4_negation,656,11,synthetic:11:16,11,synthetic:11:16,N4_negation,NOT_DUPLICATE,“不过，当然了，这也并不意味着偶尔就不会有这种的时候—在极其孤独的时刻—你会想要对自己说：‘我的人生中犯了个多么可怕的错误。’而且你会开始想象一种不同的生活，一种你原本可能拥有的更好的生活。,“不过，当然了，这也并不意味着偶尔就不不会有这种的时候—在极其孤独的时刻—你会想要对自己说：‘我的人生中犯了个多么可怕的错误。’而且你会开始想象一种不同的生活，一种你原本可能拥有的更好的生活。,false,false,0.9895,0.9895,0.9895,false,0.9979,0.9947,likely_duplicate,exp_v0_research_only_2026-10-02: high full/partial band,negation trap
C0282_N5_entity_swap,656,11,synthetic:11:16,11,synthetic:11:16,N5_entity_swap,NOT_DUPLICATE,“不过，当然了，这也并不意味着偶尔就不会有这种的时候—在极其孤独的时刻—你会想要对自己说：‘我的人生中犯了个多么可怕的错误。’而且你会开始想象一种不同的生活，一种你原本可能拥有的更好的生活。,“不过，当然了，这也并不意味着偶尔就不会有这种的时候—在极其孤独的时刻—你会想要对自己说：‘我的人生中犯了个多么可怕的错误。’而且你会开始想象两种不同的生活，一种你原本可能拥有的更好的生活。,false,false,0.9894,0.9894,1,false,0.9871,0.9785,likely_duplicate,exp_v0_research_only_2026-10-02: high full/partial band,entity/number substitution
C0283_N2_lexical_overlap_diff_meaning,729,11,synthetic:11:18,11,synthetic:11:18,N2_lexical_overlap_diff_meaning,NOT_DUPLICATE,她开始走上楼梯，但我又叫住她，跟她说：​“肯顿小姐，请别把我此刻不肯马上上楼去为家父送终看作不近人情之举。您知道，我相信家父也会希望我现在履行好自己的职责。​”,他开始走上楼梯，但我又叫住他，跟他说：​“肯顿小姐，请别把我此刻不肯马上上楼去为家父送终看作不近人情之举。您知道，我相信家父也会希望我现在履行好自己的职责。​”,false,false,0.962,0.962,1,false,0.9747,0.9359,likely_duplicate,exp_v0_research_only_2026-10-02: high full/partial band,"high lexical overlap, altered meaning"
C0284_N3_subject_object_swap,729,11,synthetic:11:18,11,synthetic:11:18,N3_subject_object_swap,NOT_DUPLICATE,她开始走上楼梯，但我又叫住她，跟她说：​“肯顿小姐，请别把我此刻不肯马上上楼去为家父送终看作不近人情之举。您知道，我相信家父也会希望我现在履行好自己的职责。​”,他开始走上楼梯，但我又叫住他，跟他说：​“肯顿小姐，请别把我此刻不肯马上上楼去为家父送终看作不近人情之举。您知道，我相信家父也会希望我现在履行好自己的职责。​”,false,false,0.962,0.962,1,false,0.9747,0.9359,likely_duplicate,exp_v0_research_only_2026-10-02: high full/partial band,subject substitution trap
C0285_N4_negation,729,11,synthetic:11:18,11,synthetic:11:18,N4_negation,NOT_DUPLICATE,她开始走上楼梯，但我又叫住她，跟她说：​“肯顿小姐，请别把我此刻不肯马上上楼去为家父送终看作不近人情之举。您知道，我相信家父也会希望我现在履行好自己的职责。​”,她开始走上楼梯，但我又叫住她，跟她说：​“肯顿小姐，请别把我此刻不肯马上上楼去为家父送终看作不近人情之举。您知道，我相信家父也不会希望我现在履行好自己的职责。​”,false,false,0.9875,0.9875,0.9875,false,0.9975,0.9809,likely_duplicate,exp_v0_research_only_2026-10-02: high full/partial band,negation trap
C0286_N2_lexical_overlap_diff_meaning,788,12,synthetic:12:19,12,synthetic:12:19,N2_lexical_overlap_diff_meaning,NOT_DUPLICATE,后来，加缪又在《局外人》英译本的序言中，对这个人物作出一连串的赞词：“他不耍花招，从这个意义上说，他是他所生活的那个社会里的局外人”，“他拒绝说谎……是什么，他就说是什么。他拒绝矫饰自己的感情，于是社会就感到受到了威胁”，“他是穷人，是坦诚的人，喜爱光明正大”，“一个无任何英雄行为而自愿为真理而死的人”。,后来，加缪又在《局外人》英译本的序言中，对这个人物作出两连串的赞词：“他不耍花招，从这个意义上说，他是他所生活的那个社会里的局外人”，“他拒绝说谎……是什么，他就说是什么。他拒绝矫饰自己的感情，于是社会就感到受到了威胁”，“他是穷人，是坦诚的人，喜爱光明正大”，“一个无任何英雄行为而自愿为真理而死的人”。,false,false,0.9935,0.9935,1,false,0.9974,0.9868,likely_duplicate,exp_v0_research_only_2026-10-02: high full/partial band,"high lexical overlap, altered meaning"
C0287_N3_subject_object_swap,788,12,synthetic:12:19,12,synthetic:12:19,N3_subject_object_swap,NOT_DUPLICATE,后来，加缪又在《局外人》英译本的序言中，对这个人物作出一连串的赞词：“他不耍花招，从这个意义上说，他是他所生活的那个社会里的局外人”，“他拒绝说谎……是什么，他就说是什么。他拒绝矫饰自己的感情，于是社会就感到受到了威胁”，“他是穷人，是坦诚的人，喜爱光明正大”，“一个无任何英雄行为而自愿为真理而死的人”。,后来，加缪又在《局外人》英译本的序言中，对这个人物作出一连串的赞词：“她不耍花招，从这个意义上说，她是她所生活的那个社会里的局外人”，“她拒绝说谎……是什么，她就说是什么。她拒绝矫饰自己的感情，于是社会就感到受到了威胁”，“她是穷人，是坦诚的人，喜爱光明正大”，“一个无任何英雄行为而自愿为真理而死的人”。,false,false,0.9542,0.9542,1,false,0.9817,0.9079,likely_duplicate,exp_v0_research_only_2026-10-02: high full/partial band,subject substitution trap
C0288_N4_negation,788,12,synthetic:12:19,12,synthetic:12:19,N4_negation,NOT_DUPLICATE,后来，加缪又在《局外人》英译本的序言中，对这个人物作出一连串的赞词：“他不耍花招，从这个意义上说，他是他所生活的那个社会里的局外人”，“他拒绝说谎……是什么，他就说是什么。他拒绝矫饰自己的感情，于是社会就感到受到了威胁”，“他是穷人，是坦诚的人，喜爱光明正大”，“一个无任何英雄行为而自愿为真理而死的人”。,后来，加缪又在《局外人》英译本的序言中，对这个人物作出一连串的赞词：“他不耍花招，从这个意义上说，他不是他所生活的那个社会里的局外人”，“他拒绝说谎……是什么，他就说是什么。他拒绝矫饰自己的感情，于是社会就感到受到了威胁”，“他是穷人，是坦诚的人，喜爱光明正大”，“一个无任何英雄行为而自愿为真理而死的人”。,false,false,0.9935,0.9935,0.9935,false,0.9987,0.9902,likely_duplicate,exp_v0_research_only_2026-10-02: high full/partial band,negation trap
C0289_N5_entity_swap,788,12,synthetic:12:19,12,synthetic:12:19,N5_entity_swap,NOT_DUPLICATE,后来，加缪又在《局外人》英译本的序言中，对这个人物作出一连串的赞词：“他不耍花招，从这个意义上说，他是他所生活的那个社会里的局外人”，“他拒绝说谎……是什么，他就说是什么。他拒绝矫饰自己的感情，于是社会就感到受到了威胁”，“他是穷人，是坦诚的人，喜爱光明正大”，“一个无任何英雄行为而自愿为真理而死的人”。,后来，加缪又在《局外人》英译本的序言中，对这个人物作出两连串的赞词：“他不耍花招，从这个意义上说，他是他所生活的那个社会里的局外人”，“他拒绝说谎……是什么，他就说是什么。他拒绝矫饰自己的感情，于是社会就感到受到了威胁”，“他是穷人，是坦诚的人，喜爱光明正大”，“一个无任何英雄行为而自愿为真理而死的人”。,false,false,0.9935,0.9935,1,false,0.9974,0.9868,likely_duplicate,exp_v0_research_only_2026-10-02: high full/partial band,entity/number substitution
C0290_N2_lexical_overlap_diff_meaning,802,12,synthetic:12:20,12,synthetic:12:20,N2_lexical_overlap_diff_meaning,NOT_DUPLICATE,。我正要请他离开，不要再管我，他却转身向我，突然大声叫嚷了起来：“不，我不信您的话，我确信您曾经盼望过另外一种生活。,。我正要请他离开，不要再管我，他却转身向我，突然大声叫嚷了起来：“不，我不信您的话，我确信您曾经盼望过另外两种生活。,false,false,0.9828,0.9828,1,false,0.9931,0.9649,likely_duplicate,exp_v0_research_only_2026-10-02: high full/partial band,"high lexical overlap, altered meaning"
C0291_N3_subject_object_swap,802,12,synthetic:12:20,12,synthetic:12:20,N3_subject_object_swap,NOT_DUPLICATE,。我正要请他离开，不要再管我，他却转身向我，突然大声叫嚷了起来：“不，我不信您的话，我确信您曾经盼望过另外一种生活。,。我正要请她离开，不要再管我，她却转身向我，突然大声叫嚷了起来：“不，我不信您的话，我确信您曾经盼望过另外一种生活。,false,false,0.9655,0.9655,1,false,0.9862,0.9298,likely_duplicate,exp_v0_research_only_2026-10-02: high full/partial band,subject substitution trap
C0292_N5_entity_swap,802,12,synthetic:12:20,12,synthetic:12:20,N5_entity_swap,NOT_DUPLICATE,。我正要请他离开，不要再管我，他却转身向我，突然大声叫嚷了起来：“不，我不信您的话，我确信您曾经盼望过另外一种生活。,。我正要请他离开，不要再管我，他却转身向我，突然大声叫嚷了起来：“不，我不信您的话，我确信您曾经盼望过另外两种生活。,false,false,0.9828,0.9828,1,false,0.9931,0.9649,likely_duplicate,exp_v0_research_only_2026-10-02: high full/partial band,entity/number substitution
C0293_N4_negation,890,13,synthetic:13:22,13,synthetic:13:22,N4_negation,NOT_DUPLICATE,这个系统会分析：“这是适合领略美的环境吗？如果是，那就欣赏吧；如果不是，那就忽略吧。”但这样就圆满了吗？这就是人们谈论的“辅助性成熟”吗？,这个系统会分析：“这不是适合领略美的环境吗？如果是，那就欣赏吧；如果不是，那就忽略吧。”但这样就圆满了吗？这就是人们谈论的“辅助性成熟”吗？,false,false,0.9857,0.9857,0.9857,false,0.9624,0.9781,likely_duplicate,exp_v0_research_only_2026-10-02: high full/partial band,negation trap
C0294_N4_negation,898,13,synthetic:13:22,13,synthetic:13:22,N4_negation,NOT_DUPLICATE,地狱的主要惩罚是对生前没有信仰上帝的悔恨,地狱的主要惩罚不是对生前没有信仰上帝的悔恨,false,false,0.9524,0.9524,0.9524,false,0.9905,0.9231,likely_duplicate,exp_v0_research_only_2026-10-02: high full/partial band,negation trap
C0295_N2_lexical_overlap_diff_meaning,1160,17,synthetic:17:29,17,synthetic:17:29,N2_lexical_overlap_diff_meaning,NOT_DUPLICATE,舞台的布景，晚上看起来是那样的辉煌动人，白天阳光一照，却成了一幅拙劣的绘画。生活中也往往出现类似的现象。,舞台的布景，晚上看起来是那样的辉煌动人，白天阳光两照，却成了一幅拙劣的绘画。生活中也往往出现类似的现象。,false,false,0.9808,0.9808,1,false,0.9805,0.9608,likely_duplicate,exp_v0_research_only_2026-10-02: high full/partial band,"high lexical overlap, altered meaning"
C0296_N4_negation,1160,17,synthetic:17:29,17,synthetic:17:29,N4_negation,NOT_DUPLICATE,舞台的布景，晚上看起来是那样的辉煌动人，白天阳光一照，却成了一幅拙劣的绘画。生活中也往往出现类似的现象。,舞台的布景，晚上看起来不是那样的辉煌动人，白天阳光一照，却成了一幅拙劣的绘画。生活中也往往出现类似的现象。,false,false,0.9811,0.9811,0.9811,false,0.9962,0.9709,likely_duplicate,exp_v0_research_only_2026-10-02: high full/partial band,negation trap
C0297_N5_entity_swap,1160,17,synthetic:17:29,17,synthetic:17:29,N5_entity_swap,NOT_DUPLICATE,舞台的布景，晚上看起来是那样的辉煌动人，白天阳光一照，却成了一幅拙劣的绘画。生活中也往往出现类似的现象。,舞台的布景，晚上看起来是那样的辉煌动人，白天阳光两照，却成了一幅拙劣的绘画。生活中也往往出现类似的现象。,false,false,0.9808,0.9808,1,false,0.9805,0.9608,likely_duplicate,exp_v0_research_only_2026-10-02: high full/partial band,entity/number substitution
C0298_N4_negation,1185,17,synthetic:17:29,17,synthetic:17:29,N4_negation,NOT_DUPLICATE,这些群众听到这蒸汽呼哨出来的歌声，个个兴奋得不能自制，美国人大声呼叫：“呼啦！”德国人高喊：“啊嘿！”墨西哥人则是叫着：“哎，维瓦！”卡菲拉人高兴得像野兽得到美味那样狂呼乱叫。,这些群众听到这蒸汽呼哨出来的歌声，个个兴奋得不能自制，美国人大声呼叫：“呼啦！”德国人高喊：“啊嘿！”墨西哥人则不是叫着：“哎，维瓦！”卡菲拉人高兴得像野兽得到美味那样狂呼乱叫。,false,false,0.9888,0.9888,0.9888,false,0.9978,0.9829,likely_duplicate,exp_v0_research_only_2026-10-02: high full/partial band,negation trap
C0299_N2_lexical_overlap_diff_meaning,1248,19,synthetic:19:31,19,synthetic:19:31,N2_lexical_overlap_diff_meaning,NOT_DUPLICATE,“我们在《唐璜》的最后一幕，莱波雷洛￼已经跪下。出色的一幕，音乐也值得一听。其中还有各种人性的意味，但仍能感受到彼岸的气息。比如那笑声——不是吗？”,“我们在《唐璜》的最后两幕，莱波雷洛￼已经跪下。出色的一幕，音乐也值得一听。其中还有各种人性的意味，但仍能感受到彼岸的气息。比如那笑声——不是吗？”,false,false,0.9861,0.9861,1,false,0.9606,0.9718,likely_duplicate,exp_v0_research_only_2026-10-02: high full/partial band,"high lexical overlap, altered meaning"
C0300_N4_negation,1248,19,synthetic:19:31,19,synthetic:19:31,N4_negation,NOT_DUPLICATE,“我们在《唐璜》的最后一幕，莱波雷洛￼已经跪下。出色的一幕，音乐也值得一听。其中还有各种人性的意味，但仍能感受到彼岸的气息。比如那笑声——不是吗？”,“我们在《唐璜》的最后一幕，莱波雷洛￼已经跪下。出色的一幕，音乐也值得一听。其中还有各种人性的意味，但仍能感受到彼岸的气息。比如那笑声——不不是吗？”,false,false,0.9863,0.9863,0.9863,false,0.9973,0.993,likely_duplicate,exp_v0_research_only_2026-10-02: high full/partial band,negation trap
C0301_N5_entity_swap,1248,19,synthetic:19:31,19,synthetic:19:31,N5_entity_swap,NOT_DUPLICATE,“我们在《唐璜》的最后一幕，莱波雷洛￼已经跪下。出色的一幕，音乐也值得一听。其中还有各种人性的意味，但仍能感受到彼岸的气息。比如那笑声——不是吗？”,“我们在《唐璜》的最后两幕，莱波雷洛￼已经跪下。出色的一幕，音乐也值得一听。其中还有各种人性的意味，但仍能感受到彼岸的气息。比如那笑声——不是吗？”,false,false,0.9861,0.9861,1,false,0.9606,0.9718,likely_duplicate,exp_v0_research_only_2026-10-02: high full/partial band,entity/number substitution
C0302_N2_lexical_overlap_diff_meaning,1273,19,synthetic:19:31,19,synthetic:19:31,N2_lexical_overlap_diff_meaning,NOT_DUPLICATE,浮士德曾说过一句教师们十分熟悉，庸人们分外赞赏的话：“啊，我胸中住着两个灵魂！”但他忘了，他胸中还住着梅菲斯特和一大群其他灵魂。我们的荒原狼也认为他胸中住着两个灵魂（狼和人），还认为他的胸膛因此拥挤不堪。一个人的胸膛、身躯向来只有一个，但居住其中的，却绝不止两个或五个灵魂，而是无数个灵魂。,浮士德曾说过两句教师们十分熟悉，庸人们分外赞赏的话：“啊，我胸中住着两个灵魂！”但他忘了，他胸中还住着梅菲斯特和一大群其他灵魂。我们的荒原狼也认为他胸中住着两个灵魂（狼和人），还认为他的胸膛因此拥挤不堪。一个人的胸膛、身躯向来只有一个，但居住其中的，却绝不止两个或五个灵魂，而是无数个灵魂。,false,false,0.9931,0.9931,1,false,0.9868,0.9861,likely_duplicate,exp_v0_research_only_2026-10-02: high full/partial band,"high lexical overlap, altered meaning"
C0303_N3_subject_object_swap,1273,19,synthetic:19:31,19,synthetic:19:31,N3_subject_object_swap,NOT_DUPLICATE,浮士德曾说过一句教师们十分熟悉，庸人们分外赞赏的话：“啊，我胸中住着两个灵魂！”但他忘了，他胸中还住着梅菲斯特和一大群其他灵魂。我们的荒原狼也认为他胸中住着两个灵魂（狼和人），还认为他的胸膛因此拥挤不堪。一个人的胸膛、身躯向来只有一个，但居住其中的，却绝不止两个或五个灵魂，而是无数个灵魂。,浮士德曾说过一句教师们十分熟悉，庸人们分外赞赏的话：“啊，我胸中住着两个灵魂！”但她忘了，她胸中还住着梅菲斯特和一大群其她灵魂。我们的荒原狼也认为她胸中住着两个灵魂（狼和人），还认为她的胸膛因此拥挤不堪。一个人的胸膛、身躯向来只有一个，但居住其中的，却绝不止两个或五个灵魂，而是无数个灵魂。,false,false,0.9655,0.9655,1,false,0.9862,0.9306,likely_duplicate,exp_v0_research_only_2026-10-02: high full/partial band,subject substitution trap
C0304_N4_negation,1273,19,synthetic:19:31,19,synthetic:19:31,N4_negation,NOT_DUPLICATE,浮士德曾说过一句教师们十分熟悉，庸人们分外赞赏的话：“啊，我胸中住着两个灵魂！”但他忘了，他胸中还住着梅菲斯特和一大群其他灵魂。我们的荒原狼也认为他胸中住着两个灵魂（狼和人），还认为他的胸膛因此拥挤不堪。一个人的胸膛、身躯向来只有一个，但居住其中的，却绝不止两个或五个灵魂，而是无数个灵魂。,浮士德曾说过一句教师们十分熟悉，庸人们分外赞赏的话：“啊，我胸中住着两个灵魂！”但他忘了，他胸中还住着梅菲斯特和一大群其他灵魂。我们的荒原狼也认为他胸中住着两个灵魂（狼和人），还认为他的胸膛因此拥挤不堪。一个人的胸膛、身躯向来只有一个，但居住其中的，却绝不止两个或五个灵魂，而不是无数个灵魂。,false,false,0.9932,0.9932,0.9932,false,0.9986,0.9896,likely_duplicate,exp_v0_research_only_2026-10-02: high full/partial band,negation trap
C0305_N5_entity_swap,1273,19,synthetic:19:31,19,synthetic:19:31,N5_entity_swap,NOT_DUPLICATE,浮士德曾说过一句教师们十分熟悉，庸人们分外赞赏的话：“啊，我胸中住着两个灵魂！”但他忘了，他胸中还住着梅菲斯特和一大群其他灵魂。我们的荒原狼也认为他胸中住着两个灵魂（狼和人），还认为他的胸膛因此拥挤不堪。一个人的胸膛、身躯向来只有一个，但居住其中的，却绝不止两个或五个灵魂，而是无数个灵魂。,浮士德曾说过两句教师们十分熟悉，庸人们分外赞赏的话：“啊，我胸中住着两个灵魂！”但他忘了，他胸中还住着梅菲斯特和一大群其他灵魂。我们的荒原狼也认为他胸中住着两个灵魂（狼和人），还认为他的胸膛因此拥挤不堪。一个人的胸膛、身躯向来只有一个，但居住其中的，却绝不止两个或五个灵魂，而是无数个灵魂。,false,false,0.9931,0.9931,1,false,0.9868,0.9861,likely_duplicate,exp_v0_research_only_2026-10-02: high full/partial band,entity/number substitution
C0306_N2_lexical_overlap_diff_meaning,1288,20,weread:15,20,weread:15,N2_lexical_overlap_diff_meaning,NOT_DUPLICATE,恋人和诗人对爱的力量怀有永恒的信念，认为它比死亡还要持久，但那句千百年来一直缠着我们不放的“生命虽尽，爱犹未尽”，实际上不过是一句谎言。这句谎言只是徒劳无益，并非荒唐可笑。,恋人和诗人对爱的力量怀有永恒的信念，认为它比死亡还要持久，但那句千百年来两直缠着我们不放的“生命虽尽，爱犹未尽”，实际上不过是一句谎言。这句谎言只是徒劳无益，并非荒唐可笑。,false,false,0.9884,0.9884,1,false,0.9636,0.9765,likely_duplicate,exp_v0_research_only_2026-10-02: high full/partial band,"high lexical overlap, altered meaning"
C0307_N4_negation,1288,20,weread:15,20,weread:15,N4_negation,NOT_DUPLICATE,恋人和诗人对爱的力量怀有永恒的信念，认为它比死亡还要持久，但那句千百年来一直缠着我们不放的“生命虽尽，爱犹未尽”，实际上不过是一句谎言。这句谎言只是徒劳无益，并非荒唐可笑。,恋人和诗人对爱的力量怀有永恒的信念，认为它比死亡还要持久，但那句千百年来一直缠着我们不放的“生命虽尽，爱犹未尽”，实际上不过不是一句谎言。这句谎言只是徒劳无益，并非荒唐可笑。,false,false,0.9885,0.9885,0.9885,false,0.9977,0.9825,likely_duplicate,exp_v0_research_only_2026-10-02: high full/partial band,negation trap
C0308_N5_entity_swap,1288,20,weread:15,20,weread:15,N5_entity_swap,NOT_DUPLICATE,恋人和诗人对爱的力量怀有永恒的信念，认为它比死亡还要持久，但那句千百年来一直缠着我们不放的“生命虽尽，爱犹未尽”，实际上不过是一句谎言。这句谎言只是徒劳无益，并非荒唐可笑。,恋人和诗人对爱的力量怀有永恒的信念，认为它比死亡还要持久，但那句千百年来两直缠着我们不放的“生命虽尽，爱犹未尽”，实际上不过是一句谎言。这句谎言只是徒劳无益，并非荒唐可笑。,false,false,0.9884,0.9884,1,false,0.9636,0.9765,likely_duplicate,exp_v0_research_only_2026-10-02: high full/partial band,entity/number substitution
C0309_N2_lexical_overlap_diff_meaning,1313,20,weread:2,20,weread:2,N2_lexical_overlap_diff_meaning,NOT_DUPLICATE,我什么时候起飞？”我问道，一边听到一种沙沙的响声，就好像细沙落在膜片上的声音。,我什么时候起飞？”我问道，两边听到一种沙沙的响声，就好像细沙落在膜片上的声音。,false,false,0.9744,0.9744,1,false,0.9792,0.9474,likely_duplicate,exp_v0_research_only_2026-10-02: high full/partial band,"high lexical overlap, altered meaning"
C0310_N5_entity_swap,1313,20,weread:2,20,weread:2,N5_entity_swap,NOT_DUPLICATE,我什么时候起飞？”我问道，一边听到一种沙沙的响声，就好像细沙落在膜片上的声音。,我什么时候起飞？”我问道，两边听到一种沙沙的响声，就好像细沙落在膜片上的声音。,false,false,0.9744,0.9744,1,false,0.9792,0.9474,likely_duplicate,exp_v0_research_only_2026-10-02: high full/partial band,entity/number substitution
C0311_N2_lexical_overlap_diff_meaning,1317,5,weread:16,5,weread:16,N2_lexical_overlap_diff_meaning,NOT_DUPLICATE,书是一种点状的、粉末状的物质。在洋洋洒洒的文字之中，读者只能注意到最小的片断、词组、譬喻、句法联系、逻辑关系，以及具有丰富涵义的词汇特点。这些东西好比构成作品核心的基本粒子,书是两种点状的、粉末状的物质。在洋洋洒洒的文字之中，读者只能注意到最小的片断、词组、譬喻、句法联系、逻辑关系，以及具有丰富涵义的词汇特点。这些东西好比构成作品核心的基本粒子,false,false,0.9884,0.9884,1,false,0.9938,0.9765,likely_duplicate,exp_v0_research_only_2026-10-02: high full/partial band,"high lexical overlap, altered meaning"
C0312_N4_negation,1317,5,weread:16,5,weread:16,N4_negation,NOT_DUPLICATE,书是一种点状的、粉末状的物质。在洋洋洒洒的文字之中，读者只能注意到最小的片断、词组、譬喻、句法联系、逻辑关系，以及具有丰富涵义的词汇特点。这些东西好比构成作品核心的基本粒子,书不是一种点状的、粉末状的物质。在洋洋洒洒的文字之中，读者只能注意到最小的片断、词组、譬喻、句法联系、逻辑关系，以及具有丰富涵义的词汇特点。这些东西好比构成作品核心的基本粒子,false,false,0.9885,0.9885,0.9885,false,0.9966,0.9825,likely_duplicate,exp_v0_research_only_2026-10-02: high full/partial band,negation trap
C0313_N5_entity_swap,1317,5,weread:16,5,weread:16,N5_entity_swap,NOT_DUPLICATE,书是一种点状的、粉末状的物质。在洋洋洒洒的文字之中，读者只能注意到最小的片断、词组、譬喻、句法联系、逻辑关系，以及具有丰富涵义的词汇特点。这些东西好比构成作品核心的基本粒子,书是两种点状的、粉末状的物质。在洋洋洒洒的文字之中，读者只能注意到最小的片断、词组、譬喻、句法联系、逻辑关系，以及具有丰富涵义的词汇特点。这些东西好比构成作品核心的基本粒子,false,false,0.9884,0.9884,1,false,0.9938,0.9765,likely_duplicate,exp_v0_research_only_2026-10-02: high full/partial band,entity/number substitution
C0314_N2_lexical_overlap_diff_meaning,1337,5,weread:13,5,weread:13,N2_lexical_overlap_diff_meaning,NOT_DUPLICATE,用她的话说，理想的作家就是像“南瓜秧子结南瓜”一样创作的作家。她还用了一些别的顺应自然过程的隐喻，像风沿山坡走、潮水有涨落、年轮不瞒树龄等。,用她的话说，理想的作家就是像“南瓜秧子结南瓜”两样创作的作家。她还用了一些别的顺应自然过程的隐喻，像风沿山坡走、潮水有涨落、年轮不瞒树龄等。,false,false,0.9857,0.9857,1,false,0.9769,0.971,likely_duplicate,exp_v0_research_only_2026-10-02: high full/partial band,"high lexical overlap, altered meaning"
C0315_N3_subject_object_swap,1337,5,weread:13,5,weread:13,N3_subject_object_swap,NOT_DUPLICATE,用她的话说，理想的作家就是像“南瓜秧子结南瓜”一样创作的作家。她还用了一些别的顺应自然过程的隐喻，像风沿山坡走、潮水有涨落、年轮不瞒树龄等。,用他的话说，理想的作家就是像“南瓜秧子结南瓜”一样创作的作家。他还用了一些别的顺应自然过程的隐喻，像风沿山坡走、潮水有涨落、年轮不瞒树龄等。,false,false,0.9714,0.9714,1,false,0.9829,0.942,likely_duplicate,exp_v0_research_only_2026-10-02: high full/partial band,subject substitution trap
C0316_N4_negation,1337,5,weread:13,5,weread:13,N4_negation,NOT_DUPLICATE,用她的话说，理想的作家就是像“南瓜秧子结南瓜”一样创作的作家。她还用了一些别的顺应自然过程的隐喻，像风沿山坡走、潮水有涨落、年轮不瞒树龄等。,用她的话说，理想的作家就不是像“南瓜秧子结南瓜”一样创作的作家。她还用了一些别的顺应自然过程的隐喻，像风沿山坡走、潮水有涨落、年轮不瞒树龄等。,false,false,0.9859,0.9859,0.9859,false,0.9972,0.9784,likely_duplicate,exp_v0_research_only_2026-10-02: high full/partial band,negation trap
C0317_N5_entity_swap,1337,5,weread:13,5,weread:13,N5_entity_swap,NOT_DUPLICATE,用她的话说，理想的作家就是像“南瓜秧子结南瓜”一样创作的作家。她还用了一些别的顺应自然过程的隐喻，像风沿山坡走、潮水有涨落、年轮不瞒树龄等。,用她的话说，理想的作家就是像“南瓜秧子结南瓜”两样创作的作家。她还用了一些别的顺应自然过程的隐喻，像风沿山坡走、潮水有涨落、年轮不瞒树龄等。,false,false,0.9857,0.9857,1,false,0.9769,0.971,likely_duplicate,exp_v0_research_only_2026-10-02: high full/partial band,entity/number substitution
C0318_N6_shared_fragment,1,1,synthetic:1:0,1,synthetic:1:0,N6_shared_fragment,NOT_DUPLICATE,"我很伤心，不是因为她冲我大声嚷嚷，而是因为我知道那是托尼·加德纳的唱片，我知道那张唱片对她来说多么重要。我还知道从此以后，当加德纳轻声吟唱那些美国歌曲时，唱片就会发出""嗞嗞""的声音。","我很伤心，不是因为她冲我大声嚷嚷，而是因为我知道那是托尼·加德纳的唱片，我知道那张唱片对她来说多么重要。我说我不想叨扰他，可是加德纳先生的语气里有丝丝温和的坚持。""不会，不会，坐下。你刚才说你母亲喜欢我的唱片。""",false,false,0.5714,0.6264,0.8667,false,0.8532,0.567,likely_new,exp_v0_research_only_2026-10-02: below mid band,shared fragment trap
C0319_N6_shared_fragment,2,1,synthetic:1:0,1,synthetic:1:0,N6_shared_fragment,NOT_DUPLICATE,"我说我不想叨扰他，可是加德纳先生的语气里有丝丝温和的坚持。""不会，不会，坐下。你刚才说你母亲喜欢我的唱片。""","我说我不想叨扰他，可是加德纳先生的语气里有丝丝温和的坚持。我很伤心，不是因为她冲我大声嚷嚷，而是因为我知道那是托尼·加德纳的唱片，我知道那张唱片对她来说多么重要。我还知道从此以后，当加德纳轻声吟唱那些美国歌曲时，唱片就会发出""嗞嗞""的声音。",false,false,0.3083,0.5741,0.4417,false,0.7857,0.3626,likely_new,exp_v0_research_only_2026-10-02: below mid band,shared fragment trap
C0320_N6_shared_fragment,14,2,synthetic:2:0,2,synthetic:2:0,N6_shared_fragment,NOT_DUPLICATE,他如同一个吃得太多、喝得太撑之人，想要将一切在痛苦中呕吐出去，只为换来一丝解脱。他渴望以一场巨大的呕吐，将所有的欢愉、所有的习性、这荒唐无意的生活，连同他自己一并抛洒、清空。,他如同一个吃得太多、喝得太撑之人，想要将一切在痛苦中呕吐出去，只为换来一丝解脱。他深深陷入了轮回之流，四面八方的厌恶与死亡被他吸收殆尽，就像一块吸满了水的海绵。他满是倦怠，满是苦痛，满是死亡。,false,false,0.4583,0.4828,0.9063,false,0.7999,0.442,likely_new,exp_v0_research_only_2026-10-02: below mid band,shared fragment trap
C0321_N6_shared_fragment,16,2,synthetic:2:0,2,synthetic:2:0,N6_shared_fragment,NOT_DUPLICATE,他深深陷入了轮回之流，四面八方的厌恶与死亡被他吸收殆尽，就像一块吸满了水的海绵。他满是倦怠，满是苦痛，满是死亡。,他深深陷入了轮回之流，四面八方的厌恶与死亡被他吸收殆尽，就像一块吸满了水的海绵。他如同一个吃得太多、喝得太撑之人，想要将一切在痛苦中呕吐出去，只为换来一丝解脱。他渴望以一场巨大的呕吐，将所有的欢愉、所有的习性、这荒唐无意的生活，连同他自己一并抛洒、清空。,false,false,0.3543,0.7321,0.4409,false,0.8324,0.442,likely_new,exp_v0_research_only_2026-10-02: below mid band,shared fragment trap
C0322_N6_shared_fragment,63,4,synthetic:4:1,4,synthetic:4:1,N6_shared_fragment,NOT_DUPLICATE,他们决定，他们将在这里，在厨房里等到天黑。弗塔基把一把椅子拉到窗户跟前，眼睛盯着街对面的房子。施密特的困意上来了，趴在桌子上开始打起呼噜，妇人则从餐具柜后面拉出一只带铁箍的军用木箱，掸掉上面的灰尘，将箱子里面也擦拭干净，随后开始一声不响往箱子里装他们的衣物。,"他们决定，他们将在这里，在厨房里等到天黑。施密特从风雨衣的内侧口袋里掏出一个用麻绳捆着、塞得鼓鼓囊囊、已被汗水浸湿的信封。""等一下，""施密特夫人喊住丈夫，迅速用一块搌布把桌面擦干净，""现在行了。""",false,false,0.2248,0.2371,0.7519,false,0.7187,0.2321,likely_new,exp_v0_research_only_2026-10-02: below mid band,shared fragment trap
C0323_N6_shared_fragment,66,4,synthetic:4:1,4,synthetic:4:1,N6_shared_fragment,NOT_DUPLICATE,"施密特从风雨衣的内侧口袋里掏出一个用麻绳捆着、塞得鼓鼓囊囊、已被汗水浸湿的信封。""等一下，""施密特夫人喊住丈夫，迅速用一块搌布把桌面擦干净，""现在行了。""",施密特从风雨衣的内侧口袋里掏出一个用麻绳捆着、塞得鼓鼓囊囊、已被汗水浸湿的信封。他们决定，他们将在这里，在厨房里等到天黑。弗塔基把一把椅子拉到窗户跟前，眼睛盯着街对面的房子。施密特的困意上来了，趴在桌子上开始打起呼噜，妇人则从餐具柜后面拉出一只带铁箍的军用木箱，掸掉上面的灰尘，将箱子里面也擦拭干净，随后开始一声不响往箱子里装他们的衣物。,false,false,0.3195,0.5455,0.4497,false,0.7989,0.3539,likely_new,exp_v0_research_only_2026-10-02: below mid band,shared fragment trap
C0324_N6_shared_fragment,217,7,synthetic:7:5,7,synthetic:7:5,N6_shared_fragment,NOT_DUPLICATE,这种笔调胜过千言万语的辩解，瞬间就让他们明白，对于“昨日那些不堪回首的往事”，我持一种超然物外的态度。我绝非如诸位所想象的那般被打击得魂飞魄散，相反，我以一个懂得自重的绅士所应有的从容与淡定来看待此事。,这种笔调胜过千言万语的辩解，瞬间就让他们明白，对于“昨日那些不堪回首的往事”，我持一种超然物外的态度。因此，这位主人公所具有的双重身份就显得意味深长：“他既是时代的控诉者，又是被时代和历史所控诉的对象。”,false,false,0.5149,0.5149,1,false,0.8417,0.51,likely_new,exp_v0_research_only_2026-10-02: below mid band,shared fragment trap
C0325_N6_shared_fragment,445,9,synthetic:9:11,9,synthetic:9:11,N6_shared_fragment,NOT_DUPLICATE,“是六天九小时二十七分。​”飞船修正道。,“是六天九小时二十七分。我静静地在那儿坐了片刻，最后说道：“数十亿人尽可以做他们想做的，但我的生命对我来说很重要。我只是想让它……属于我自己。”,false,false,0.1857,0.5789,0.2714,false,0.7606,0.2299,likely_new,exp_v0_research_only_2026-10-02: below mid band,shared fragment trap
C0326_N7_short_collision,16,2,synthetic:2:0,2,synthetic:2:0,N7_short_collision,NOT_DUPLICATE,他深深陷入了轮回之流，四面八方的厌恶与死亡被他吸收殆尽，就像一块吸满了水的海绵。他满是倦怠，满是苦痛，满是死亡。,她深深陷入了。,false,false,0.1071,0.7143,0.125,false,0.6012,0.1311,likely_new,exp_v0_research_only_2026-10-02: below mid band,synthetic short collision
C0327_N8_containment_trap,210,7,synthetic:7:5,7,synthetic:7:5,N8_containment_trap,AMBIGUOUS,因他之故，我想必能得上苍宽恕诸多过错。,因此，这位主人公所具有的双重身份因他之故，我想必能得上苍宽恕诸多过错。就显得意味深长：“他既是时代的控,false,false,0.3725,1,0.3725,true,0.7802,0.5294,possible_duplicate,exp_v0_research_only_2026-10-02: mid band / containment,seed nested in larger passage
C0328_N8_containment_trap,445,9,synthetic:9:11,9,synthetic:9:11,N8_containment_trap,AMBIGUOUS,“是六天九小时二十七分。​”飞船修正道。,我静静地在那儿坐了片刻，最后说道“是六天九小时二十七分。​”飞船修正道。：“数十亿人尽可以做他们想做的，,false,false,0.3654,1,0.3654,true,0.6306,0.5217,possible_duplicate,exp_v0_research_only_2026-10-02: mid band / containment,seed nested in larger passage
C0329_N8_containment_trap,583,10,synthetic:10:14,10,synthetic:10:14,N8_containment_trap,AMBIGUOUS,大自然并不惮于将其自身呈现给他们。,我离镇区的距离倒是能够帮我筛选朋大自然并不惮于将其自身呈现给他们。友呢。我在孤寂的大海中已经航行了,false,false,0.3469,1,0.3469,true,0.7823,0.5,possible_duplicate,exp_v0_research_only_2026-10-02: mid band / containment,seed nested in larger passage
C0330_N8_containment_trap,600,10,synthetic:10:15,10,synthetic:10:15,N8_containment_trap,AMBIGUOUS,他有时候会大声说：“我好喜欢聊天啊！天啊，我可以聊一整天！”,我离镇区的距离倒是能够帮我筛选朋他有时候会大声说：“我好喜欢聊天啊！天啊，我可以聊一整天！”友呢。我在孤寂的大海中已经航行了,false,false,0.4677,1,0.4677,true,0.6961,0.6292,possible_duplicate,exp_v0_research_only_2026-10-02: mid band / containment,seed nested in larger passage
C0331_N8_containment_trap,898,13,synthetic:13:22,13,synthetic:13:22,N8_containment_trap,AMBIGUOUS,地狱的主要惩罚是对生前没有信仰上帝的悔恨,这个系统会分析：“这是适合领略美地狱的主要惩罚是对生前没有信仰上帝的悔恨的环境吗？如果是，那就欣赏吧；如,false,false,0.3846,1,0.3846,true,0.7282,0.5429,possible_duplicate,exp_v0_research_only_2026-10-02: mid band / containment,seed nested in larger passage
C0332_N8_containment_trap,1313,20,weread:2,20,weread:2,N8_containment_trap,AMBIGUOUS,我什么时候起飞？”我问道，一边听到一种沙沙的响声，就好像细沙落在膜片上的声音。,恋人和诗人对爱的力量怀有永恒的信我什么时候起飞？”我问道，一边听到一种沙沙的响声，就好像细沙落在膜片上的声音。念，认为它比死亡还要持久，但那句,false,false,0.5493,1,0.5493,true,0.6959,0.7037,possible_duplicate,exp_v0_research_only_2026-10-02: mid band / containment,seed nested in larger passage
C0333_N8_containment_trap,1401,5,synthetic:5:35,5,synthetic:5:35,N8_containment_trap,AMBIGUOUS,柳德米拉,书是一种点状的、粉末状的物质。在柳德米拉洋洋洒洒的文字之中，读者只能注意,false,false,0.1111,1,0.1111,true,0.7037,0.1579,possible_duplicate,exp_v0_research_only_2026-10-02: mid band / containment,seed nested in larger passage
C0334_N9_same_text_diff_chapter,1,1,synthetic:1:0,1,synthetic:1:0__OTHER,N9_same_text_diff_chapter,NOT_DUPLICATE,"我很伤心，不是因为她冲我大声嚷嚷，而是因为我知道那是托尼·加德纳的唱片，我知道那张唱片对她来说多么重要。我还知道从此以后，当加德纳轻声吟唱那些美国歌曲时，唱片就会发出""嗞嗞""的声音。","我很伤心，不是因为她冲我大声嚷嚷，而是因为我知道那是托尼·加德纳的唱片，我知道那张唱片对她来说多么重要。我还知道从此以后，当加德纳轻声吟唱那些美国歌曲时，唱片就会发出""嗞嗞""的声音。",true,true,1,1,1,true,1,1,structurally_blocked,exp_v0_research_only_2026-10-02: book/chapter gate,"identical text, different chapter"
C0335_N10_same_text_diff_book,1,1,synthetic:1:0,2,n/a,N10_same_text_diff_book,NOT_DUPLICATE,"我很伤心，不是因为她冲我大声嚷嚷，而是因为我知道那是托尼·加德纳的唱片，我知道那张唱片对她来说多么重要。我还知道从此以后，当加德纳轻声吟唱那些美国歌曲时，唱片就会发出""嗞嗞""的声音。","我很伤心，不是因为她冲我大声嚷嚷，而是因为我知道那是托尼·加德纳的唱片，我知道那张唱片对她来说多么重要。我还知道从此以后，当加德纳轻声吟唱那些美国歌曲时，唱片就会发出""嗞嗞""的声音。",true,true,1,1,1,true,1,1,structurally_blocked,exp_v0_research_only_2026-10-02: book/chapter gate,"identical text, different book"
C0336_N9_same_text_diff_chapter,2,1,synthetic:1:0,1,synthetic:1:0__OTHER,N9_same_text_diff_chapter,NOT_DUPLICATE,"我说我不想叨扰他，可是加德纳先生的语气里有丝丝温和的坚持。""不会，不会，坐下。你刚才说你母亲喜欢我的唱片。""","我说我不想叨扰他，可是加德纳先生的语气里有丝丝温和的坚持。""不会，不会，坐下。你刚才说你母亲喜欢我的唱片。""",true,true,1,1,1,true,1,1,structurally_blocked,exp_v0_research_only_2026-10-02: book/chapter gate,"identical text, different chapter"
C0337_N10_same_text_diff_book,2,1,synthetic:1:0,2,n/a,N10_same_text_diff_book,NOT_DUPLICATE,"我说我不想叨扰他，可是加德纳先生的语气里有丝丝温和的坚持。""不会，不会，坐下。你刚才说你母亲喜欢我的唱片。""","我说我不想叨扰他，可是加德纳先生的语气里有丝丝温和的坚持。""不会，不会，坐下。你刚才说你母亲喜欢我的唱片。""",true,true,1,1,1,true,1,1,structurally_blocked,exp_v0_research_only_2026-10-02: book/chapter gate,"identical text, different book"
C0338_N9_same_text_diff_chapter,14,2,synthetic:2:0,2,synthetic:2:0__OTHER,N9_same_text_diff_chapter,NOT_DUPLICATE,他如同一个吃得太多、喝得太撑之人，想要将一切在痛苦中呕吐出去，只为换来一丝解脱。他渴望以一场巨大的呕吐，将所有的欢愉、所有的习性、这荒唐无意的生活，连同他自己一并抛洒、清空。,他如同一个吃得太多、喝得太撑之人，想要将一切在痛苦中呕吐出去，只为换来一丝解脱。他渴望以一场巨大的呕吐，将所有的欢愉、所有的习性、这荒唐无意的生活，连同他自己一并抛洒、清空。,true,true,1,1,1,true,1,1,structurally_blocked,exp_v0_research_only_2026-10-02: book/chapter gate,"identical text, different chapter"
C0339_N10_same_text_diff_book,14,2,synthetic:2:0,1,n/a,N10_same_text_diff_book,NOT_DUPLICATE,他如同一个吃得太多、喝得太撑之人，想要将一切在痛苦中呕吐出去，只为换来一丝解脱。他渴望以一场巨大的呕吐，将所有的欢愉、所有的习性、这荒唐无意的生活，连同他自己一并抛洒、清空。,他如同一个吃得太多、喝得太撑之人，想要将一切在痛苦中呕吐出去，只为换来一丝解脱。他渴望以一场巨大的呕吐，将所有的欢愉、所有的习性、这荒唐无意的生活，连同他自己一并抛洒、清空。,true,true,1,1,1,true,1,1,structurally_blocked,exp_v0_research_only_2026-10-02: book/chapter gate,"identical text, different book"
C0340_N9_same_text_diff_chapter,16,2,synthetic:2:0,2,synthetic:2:0__OTHER,N9_same_text_diff_chapter,NOT_DUPLICATE,他深深陷入了轮回之流，四面八方的厌恶与死亡被他吸收殆尽，就像一块吸满了水的海绵。他满是倦怠，满是苦痛，满是死亡。,他深深陷入了轮回之流，四面八方的厌恶与死亡被他吸收殆尽，就像一块吸满了水的海绵。他满是倦怠，满是苦痛，满是死亡。,true,true,1,1,1,true,1,1,structurally_blocked,exp_v0_research_only_2026-10-02: book/chapter gate,"identical text, different chapter"
C0341_N10_same_text_diff_book,16,2,synthetic:2:0,1,n/a,N10_same_text_diff_book,NOT_DUPLICATE,他深深陷入了轮回之流，四面八方的厌恶与死亡被他吸收殆尽，就像一块吸满了水的海绵。他满是倦怠，满是苦痛，满是死亡。,他深深陷入了轮回之流，四面八方的厌恶与死亡被他吸收殆尽，就像一块吸满了水的海绵。他满是倦怠，满是苦痛，满是死亡。,true,true,1,1,1,true,1,1,structurally_blocked,exp_v0_research_only_2026-10-02: book/chapter gate,"identical text, different book"
C0342_N9_same_text_diff_chapter,63,4,synthetic:4:1,4,synthetic:4:1__OTHER,N9_same_text_diff_chapter,NOT_DUPLICATE,他们决定，他们将在这里，在厨房里等到天黑。弗塔基把一把椅子拉到窗户跟前，眼睛盯着街对面的房子。施密特的困意上来了，趴在桌子上开始打起呼噜，妇人则从餐具柜后面拉出一只带铁箍的军用木箱，掸掉上面的灰尘，将箱子里面也擦拭干净，随后开始一声不响往箱子里装他们的衣物。,他们决定，他们将在这里，在厨房里等到天黑。弗塔基把一把椅子拉到窗户跟前，眼睛盯着街对面的房子。施密特的困意上来了，趴在桌子上开始打起呼噜，妇人则从餐具柜后面拉出一只带铁箍的军用木箱，掸掉上面的灰尘，将箱子里面也擦拭干净，随后开始一声不响往箱子里装他们的衣物。,true,true,1,1,1,true,1,1,structurally_blocked,exp_v0_research_only_2026-10-02: book/chapter gate,"identical text, different chapter"
C0343_N10_same_text_diff_book,63,4,synthetic:4:1,1,n/a,N10_same_text_diff_book,NOT_DUPLICATE,他们决定，他们将在这里，在厨房里等到天黑。弗塔基把一把椅子拉到窗户跟前，眼睛盯着街对面的房子。施密特的困意上来了，趴在桌子上开始打起呼噜，妇人则从餐具柜后面拉出一只带铁箍的军用木箱，掸掉上面的灰尘，将箱子里面也擦拭干净，随后开始一声不响往箱子里装他们的衣物。,他们决定，他们将在这里，在厨房里等到天黑。弗塔基把一把椅子拉到窗户跟前，眼睛盯着街对面的房子。施密特的困意上来了，趴在桌子上开始打起呼噜，妇人则从餐具柜后面拉出一只带铁箍的军用木箱，掸掉上面的灰尘，将箱子里面也擦拭干净，随后开始一声不响往箱子里装他们的衣物。,true,true,1,1,1,true,1,1,structurally_blocked,exp_v0_research_only_2026-10-02: book/chapter gate,"identical text, different book"
C0344_N9_same_text_diff_chapter,66,4,synthetic:4:1,4,synthetic:4:1__OTHER,N9_same_text_diff_chapter,NOT_DUPLICATE,"施密特从风雨衣的内侧口袋里掏出一个用麻绳捆着、塞得鼓鼓囊囊、已被汗水浸湿的信封。""等一下，""施密特夫人喊住丈夫，迅速用一块搌布把桌面擦干净，""现在行了。""","施密特从风雨衣的内侧口袋里掏出一个用麻绳捆着、塞得鼓鼓囊囊、已被汗水浸湿的信封。""等一下，""施密特夫人喊住丈夫，迅速用一块搌布把桌面擦干净，""现在行了。""",true,true,1,1,1,true,1,1,structurally_blocked,exp_v0_research_only_2026-10-02: book/chapter gate,"identical text, different chapter"
C0345_N10_same_text_diff_book,66,4,synthetic:4:1,1,n/a,N10_same_text_diff_book,NOT_DUPLICATE,"施密特从风雨衣的内侧口袋里掏出一个用麻绳捆着、塞得鼓鼓囊囊、已被汗水浸湿的信封。""等一下，""施密特夫人喊住丈夫，迅速用一块搌布把桌面擦干净，""现在行了。""","施密特从风雨衣的内侧口袋里掏出一个用麻绳捆着、塞得鼓鼓囊囊、已被汗水浸湿的信封。""等一下，""施密特夫人喊住丈夫，迅速用一块搌布把桌面擦干净，""现在行了。""",true,true,1,1,1,true,1,1,structurally_blocked,exp_v0_research_only_2026-10-02: book/chapter gate,"identical text, different book"
C0346_N9_same_text_diff_chapter,192,7,synthetic:7:4,7,synthetic:7:4__OTHER,N9_same_text_diff_chapter,NOT_DUPLICATE,因此，这位主人公所具有的双重身份就显得意味深长：“他既是时代的控诉者，又是被时代和历史所控诉的对象。”,因此，这位主人公所具有的双重身份就显得意味深长：“他既是时代的控诉者，又是被时代和历史所控诉的对象。”,true,true,1,1,1,true,1,1,structurally_blocked,exp_v0_research_only_2026-10-02: book/chapter gate,"identical text, different chapter"
C0347_N10_same_text_diff_book,192,7,synthetic:7:4,1,n/a,N10_same_text_diff_book,NOT_DUPLICATE,因此，这位主人公所具有的双重身份就显得意味深长：“他既是时代的控诉者，又是被时代和历史所控诉的对象。”,因此，这位主人公所具有的双重身份就显得意味深长：“他既是时代的控诉者，又是被时代和历史所控诉的对象。”,true,true,1,1,1,true,1,1,structurally_blocked,exp_v0_research_only_2026-10-02: book/chapter gate,"identical text, different book"
C0348_N9_same_text_diff_chapter,210,7,synthetic:7:5,7,synthetic:7:5__OTHER,N9_same_text_diff_chapter,NOT_DUPLICATE,因他之故，我想必能得上苍宽恕诸多过错。,因他之故，我想必能得上苍宽恕诸多过错。,true,true,1,1,1,true,1,1,structurally_blocked,exp_v0_research_only_2026-10-02: book/chapter gate,"identical text, different chapter"
C0349_N10_same_text_diff_book,210,7,synthetic:7:5,1,n/a,N10_same_text_diff_book,NOT_DUPLICATE,因他之故，我想必能得上苍宽恕诸多过错。,因他之故，我想必能得上苍宽恕诸多过错。,true,true,1,1,1,true,1,1,structurally_blocked,exp_v0_research_only_2026-10-02: book/chapter gate,"identical text, different book"
C0350_A1_extra_sentence,1,1,synthetic:1:0,1,synthetic:1:0,A1_extra_sentence,AMBIGUOUS,"我很伤心，不是因为她冲我大声嚷嚷，而是因为我知道那是托尼·加德纳的唱片，我知道那张唱片对她来说多么重要。我还知道从此以后，当加德纳轻声吟唱那些美国歌曲时，唱片就会发出""嗞嗞""的声音。","我很伤心，不是因为她冲我大声嚷嚷，而是因为我知道那是托尼·加德纳的唱片，我知道那张唱片对她来说多么重要。我还知道从此以后，当加德纳轻声吟唱那些美国歌曲时，唱片就会发出""嗞嗞""的声音。我很伤心，不是因为她冲我大声嚷嚷，而是因为我知道那是托尼·加德纳的唱片，我知道那张唱片对她来说多么重要。",false,false,0.6364,1,0.6364,true,0.9273,0.7759,likely_duplicate,exp_v0_research_only_2026-10-02: high full/partial band,extra/repeated sentence overlap
C0351_A1_extra_sentence,2,1,synthetic:1:0,1,synthetic:1:0,A1_extra_sentence,AMBIGUOUS,"我说我不想叨扰他，可是加德纳先生的语气里有丝丝温和的坚持。""不会，不会，坐下。你刚才说你母亲喜欢我的唱片。""","我说我不想叨扰他，可是加德纳先生的语气里有丝丝温和的坚持。""不会，不会，坐下。你刚才说你母亲喜欢我的唱片。""我说我不想叨扰他，可是加德纳先生的语气里有丝丝温和的坚持。",false,false,0.6386,1,0.6386,true,0.9277,0.7761,likely_duplicate,exp_v0_research_only_2026-10-02: high full/partial band,extra/repeated sentence overlap
C0352_A1_extra_sentence,14,2,synthetic:2:0,2,synthetic:2:0,A1_extra_sentence,AMBIGUOUS,他如同一个吃得太多、喝得太撑之人，想要将一切在痛苦中呕吐出去，只为换来一丝解脱。他渴望以一场巨大的呕吐，将所有的欢愉、所有的习性、这荒唐无意的生活，连同他自己一并抛洒、清空。,他如同一个吃得太多、喝得太撑之人，想要将一切在痛苦中呕吐出去，只为换来一丝解脱。他渴望以一场巨大的呕吐，将所有的欢愉、所有的习性、这荒唐无意的生活，连同他自己一并抛洒、清空。他如同一个吃得太多、喝得太撑之人，想要将一切在痛苦中呕吐出去，只为换来一丝解脱。,false,false,0.685,1,0.685,true,0.937,0.8113,likely_duplicate,exp_v0_research_only_2026-10-02: high full/partial band,extra/repeated sentence overlap
C0353_A1_extra_sentence,16,2,synthetic:2:0,2,synthetic:2:0,A1_extra_sentence,AMBIGUOUS,他深深陷入了轮回之流，四面八方的厌恶与死亡被他吸收殆尽，就像一块吸满了水的海绵。他满是倦怠，满是苦痛，满是死亡。,他深深陷入了轮回之流，四面八方的厌恶与死亡被他吸收殆尽，就像一块吸满了水的海绵。他满是倦怠，满是苦痛，满是死亡。他深深陷入了轮回之流，四面八方的厌恶与死亡被他吸收殆尽，就像一块吸满了水的海绵。,false,false,0.5833,1,0.5833,true,0.9167,0.7333,likely_duplicate,exp_v0_research_only_2026-10-02: high full/partial band,extra/repeated sentence overlap
C0354_A1_extra_sentence,63,4,synthetic:4:1,4,synthetic:4:1,A1_extra_sentence,AMBIGUOUS,他们决定，他们将在这里，在厨房里等到天黑。弗塔基把一把椅子拉到窗户跟前，眼睛盯着街对面的房子。施密特的困意上来了，趴在桌子上开始打起呼噜，妇人则从餐具柜后面拉出一只带铁箍的军用木箱，掸掉上面的灰尘，将箱子里面也擦拭干净，随后开始一声不响往箱子里装他们的衣物。,他们决定，他们将在这里，在厨房里等到天黑。弗塔基把一把椅子拉到窗户跟前，眼睛盯着街对面的房子。施密特的困意上来了，趴在桌子上开始打起呼噜，妇人则从餐具柜后面拉出一只带铁箍的军用木箱，掸掉上面的灰尘，将箱子里面也擦拭干净，随后开始一声不响往箱子里装他们的衣物。他们决定，他们将在这里，在厨房里等到天黑。,false,false,0.86,1,0.86,true,0.972,0.9242,likely_duplicate,exp_v0_research_only_2026-10-02: high full/partial band,extra/repeated sentence overlap
C0355_A1_extra_sentence,66,4,synthetic:4:1,4,synthetic:4:1,A1_extra_sentence,AMBIGUOUS,"施密特从风雨衣的内侧口袋里掏出一个用麻绳捆着、塞得鼓鼓囊囊、已被汗水浸湿的信封。""等一下，""施密特夫人喊住丈夫，迅速用一块搌布把桌面擦干净，""现在行了。""","施密特从风雨衣的内侧口袋里掏出一个用麻绳捆着、塞得鼓鼓囊囊、已被汗水浸湿的信封。""等一下，""施密特夫人喊住丈夫，迅速用一块搌布把桌面擦干净，""现在行了。""施密特从风雨衣的内侧口袋里掏出一个用麻绳捆着、塞得鼓鼓囊囊、已被汗水浸湿的信封。",false,false,0.6496,1,0.6496,true,0.9299,0.7853,likely_duplicate,exp_v0_research_only_2026-10-02: high full/partial band,extra/repeated sentence overlap
C0356_A2_multi_edition_hard,1,1,synthetic:1:0,1,synthetic:1:0,A2_multi_edition_hard,AMBIGUOUS,"我很伤心，不是因为她冲我大声嚷嚷，而是因为我知道那是托尼·加德纳的唱片，我知道那张唱片对她来说多么重要。我还知道从此以后，当加德纳轻声吟唱那些美国歌曲时，唱片就会发出""嗞嗞""的声音。","她想：“我很伤心也，不是由于她冲我大声嚷嚷，而是因为我知道那是托尼·加德纳的唱片，我知道那张唱片对她来说多么重要！我还知道从此以后，当加德纳轻声吟唱那些美国歌曲时，唱片就会发出""嗞嗞""的声音。”",false,false,0.9167,0.9348,0.9479,false,0.8097,0.9081,possible_duplicate,exp_v0_research_only_2026-10-02: mid band / containment,edition-like edits + boundary
C0357_A2_multi_edition_hard,2,1,synthetic:1:0,1,synthetic:1:0,A2_multi_edition_hard,AMBIGUOUS,"我说我不想叨扰他，可是加德纳先生的语气里有丝丝温和的坚持。""不会，不会，坐下。你刚才说你母亲喜欢我的唱片。""","她想：“我说我不想叨扰他也，可是加德纳先生的语气里有丝丝温和的坚持！""不会，不会，坐下。你刚才说你母亲喜欢我的唱片。""”",false,false,0.8966,0.963,0.9138,false,0.8663,0.8991,likely_duplicate,exp_v0_research_only_2026-10-02: high full/partial band,edition-like edits + boundary
C0358_A2_multi_edition_hard,14,2,synthetic:2:0,2,synthetic:2:0,A2_multi_edition_hard,AMBIGUOUS,他如同一个吃得太多、喝得太撑之人，想要将一切在痛苦中呕吐出去，只为换来一丝解脱。他渴望以一场巨大的呕吐，将所有的欢愉、所有的习性、这荒唐无意的生活，连同他自己一并抛洒、清空。,她想：“他如同一个吃得太多、喝得太撑之人也，想要将一切在痛苦中呕吐出去，只为换来一丝解脱！他渴望以一场巨大的呕吐，将所有的欢愉、所有的习性、这荒唐无意的生活，连同他自己一并抛洒、清空。”,false,false,0.9348,0.9545,0.9457,false,0.9395,0.9379,likely_duplicate,exp_v0_research_only_2026-10-02: high full/partial band,edition-like edits + boundary
C0359_A2_multi_edition_hard,16,2,synthetic:2:0,2,synthetic:2:0,A2_multi_edition_hard,AMBIGUOUS,他深深陷入了轮回之流，四面八方的厌恶与死亡被他吸收殆尽，就像一块吸满了水的海绵。他满是倦怠，满是苦痛，满是死亡。,她想：“他深深陷入了轮回之流也，四面八方的厌恶与死亡被他吸收殆尽，就像一块吸满了水的海绵！他满是倦怠，满是苦痛，满是死亡。”,false,false,0.9016,0.9649,0.918,false,0.9128,0.9043,likely_duplicate,exp_v0_research_only_2026-10-02: high full/partial band,edition-like edits + boundary
C0360_A2_multi_edition_hard,63,4,synthetic:4:1,4,synthetic:4:1,A2_multi_edition_hard,AMBIGUOUS,他们决定，他们将在这里，在厨房里等到天黑。弗塔基把一把椅子拉到窗户跟前，眼睛盯着街对面的房子。施密特的困意上来了，趴在桌子上开始打起呼噜，妇人则从餐具柜后面拉出一只带铁箍的军用木箱，掸掉上面的灰尘，将箱子里面也擦拭干净，随后开始一声不响往箱子里装他们的衣物。,她想：“他们决定也，他们将在这里，在厨房里等到天黑！弗塔基把一把椅子拉到窗户跟前，眼睛盯着街对面的房子。施密特的困意上来了，趴在桌子上开始打起呼噜，妇人则从餐具柜后面拉出一只带铁箍的军用木箱，掸掉上面的灰尘，将箱子里面也擦拭干净，随后开始一声不响往箱子里装他们的衣物。”,false,false,0.9552,0.9692,0.9627,false,0.9486,0.9579,likely_duplicate,exp_v0_research_only_2026-10-02: high full/partial band,edition-like edits + boundary
C0361_A3_short_in_long,583,10,synthetic:10:14,10,synthetic:10:14,A3_short_in_long,AMBIGUOUS,大自然并不惮于将其自身呈现给他们。,我离镇区的距离倒是能够帮我筛选朋友呢。我在孤寂的大海中已经航行了很远，应酬的江河虽然汇入这片汪洋，但能够在我身边积聚的，基本上都是最优秀的沉淀物，这是很符合我个人的需要的。,false,false,0.0465,0.0588,0.1977,false,0.2371,0,likely_new,exp_v0_research_only_2026-10-02: below mid band,short vs long same book
C0362_A3_short_in_long,1401,5,synthetic:5:35,5,synthetic:5:35,A3_short_in_long,AMBIGUOUS,柳德米拉,书是一种点状的、粉末状的物质。在洋洋洒洒的文字之中，读者只能注意到最小的片断、词组、譬喻、句法联系、逻辑关系，以及具有丰富涵义的词汇特点。这些东西好比构成作品核心的基本粒子,false,false,0,0,0.0465,false,0,0,likely_new,exp_v0_research_only_2026-10-02: below mid band,short vs long same book
C0363_A4_punctuation_tone,14,2,synthetic:2:0,2,synthetic:2:0,A4_punctuation_tone,AMBIGUOUS,他如同一个吃得太多、喝得太撑之人，想要将一切在痛苦中呕吐出去，只为换来一丝解脱。他渴望以一场巨大的呕吐，将所有的欢愉、所有的习性、这荒唐无意的生活，连同他自己一并抛洒、清空。,他如同一个吃得太多、喝得太撑之人，想要将一切在痛苦中呕吐出去，只为换来一丝解脱？他渴望以一场巨大的呕吐，将所有的欢愉、所有的习性、这荒唐无意的生活，连同他自己一并抛洒、清空。,false,false,0.9885,0.9885,1,false,0.9954,0.9767,likely_duplicate,exp_v0_research_only_2026-10-02: high full/partial band,。→？ meaning/tone risk
C0364_A4_punctuation_tone,192,7,synthetic:7:4,7,synthetic:7:4,A4_punctuation_tone,AMBIGUOUS,因此，这位主人公所具有的双重身份就显得意味深长：“他既是时代的控诉者，又是被时代和历史所控诉的对象。”,因此，这位主人公所具有的双重身份就显得意味深长：“他既是时代的控诉者，又是被时代和历史所控诉的对象？”,false,false,0.98,0.98,1,false,0.992,0.9796,likely_duplicate,exp_v0_research_only_2026-10-02: high full/partial band,。→？ meaning/tone risk
C0365_A4_punctuation_tone,475,9,synthetic:9:11,9,synthetic:9:11,A4_punctuation_tone,AMBIGUOUS,我静静地在那儿坐了片刻，最后说道：“数十亿人尽可以做他们想做的，但我的生命对我来说很重要。我只是想让它……属于我自己。”,我静静地在那儿坐了片刻，最后说道：“数十亿人尽可以做他们想做的，但我的生命对我来说很重要？我只是想让它……属于我自己。”,false,false,0.9831,0.9831,1,false,0.9708,0.9655,likely_duplicate,exp_v0_research_only_2026-10-02: high full/partial band,。→？ meaning/tone risk
C0366_A4_punctuation_tone,602,10,synthetic:10:15,10,synthetic:10:15,A4_punctuation_tone,AMBIGUOUS,我离镇区的距离倒是能够帮我筛选朋友呢。我在孤寂的大海中已经航行了很远，应酬的江河虽然汇入这片汪洋，但能够在我身边积聚的，基本上都是最优秀的沉淀物，这是很符合我个人的需要的。,我离镇区的距离倒是能够帮我筛选朋友呢？我在孤寂的大海中已经航行了很远，应酬的江河虽然汇入这片汪洋，但能够在我身边积聚的，基本上都是最优秀的沉淀物，这是很符合我个人的需要的。,false,false,0.9884,0.9884,1,false,0.9953,0.9765,likely_duplicate,exp_v0_research_only_2026-10-02: high full/partial band,。→？ meaning/tone risk
C0367_A4_punctuation_tone,802,12,synthetic:12:20,12,synthetic:12:20,A4_punctuation_tone,AMBIGUOUS,。我正要请他离开，不要再管我，他却转身向我，突然大声叫嚷了起来：“不，我不信您的话，我确信您曾经盼望过另外一种生活。,？我正要请他离开，不要再管我，他却转身向我，突然大声叫嚷了起来：“不，我不信您的话，我确信您曾经盼望过另外一种生活。,false,false,0.9828,0.9828,1,false,0.9885,0.9825,likely_duplicate,exp_v0_research_only_2026-10-02: high full/partial band,。→？ meaning/tone risk
C0368_A4_punctuation_tone,1185,17,synthetic:17:29,17,synthetic:17:29,A4_punctuation_tone,AMBIGUOUS,这些群众听到这蒸汽呼哨出来的歌声，个个兴奋得不能自制，美国人大声呼叫：“呼啦！”德国人高喊：“啊嘿！”墨西哥人则是叫着：“哎，维瓦！”卡菲拉人高兴得像野兽得到美味那样狂呼乱叫。,这些群众听到这蒸汽呼哨出来的歌声，个个兴奋得不能自制，美国人大声呼叫：“呼啦！”德国人高喊：“啊嘿！”墨西哥人则是叫着：“哎，维瓦！”卡菲拉人高兴得像野兽得到美味那样狂呼乱叫？,false,false,0.9886,0.9886,1,false,0.9955,0.9885,likely_duplicate,exp_v0_research_only_2026-10-02: high full/partial band,。→？ meaning/tone risk
C0369_A5_partial_overlap,1,1,synthetic:1:0,1,synthetic:1:0,A5_partial_overlap,AMBIGUOUS,"我很伤心，不是因为她冲我大声嚷嚷，而是因为我知道那是托尼·加德纳的唱片，我知道那张唱片对她来说多么重要。我还知道从此以后，当加德纳轻声吟唱那些美国歌曲时，唱片就会发出""嗞嗞""的声音。","不是因为她冲我大声嚷嚷，而是因为我知道那是托尼·加德纳的唱片，我知道那张唱片对她来说多么重要。我还知道从此以后，当加德纳轻声吟唱那些美国歌曲时，唱片就会发出""嗞嗞",false,false,0.8901,1,0.8901,true,0.8152,0.9412,likely_duplicate,exp_v0_research_only_2026-10-02: high full/partial band,middle fragment partial overlap
C0370_A5_partial_overlap,2,1,synthetic:1:0,1,synthetic:1:0,A5_partial_overlap,AMBIGUOUS,"我说我不想叨扰他，可是加德纳先生的语气里有丝丝温和的坚持。""不会，不会，坐下。你刚才说你母亲喜欢我的唱片。""","叨扰他，可是加德纳先生的语气里有丝丝温和的坚持。""不会，不会，坐下。你刚才说你母亲喜欢我",false,false,0.8302,1,0.8302,true,0.8373,0.9053,likely_duplicate,exp_v0_research_only_2026-10-02: high full/partial band,middle fragment partial overlap
C0371_A5_partial_overlap,14,2,synthetic:2:0,2,synthetic:2:0,A5_partial_overlap,AMBIGUOUS,他如同一个吃得太多、喝得太撑之人，想要将一切在痛苦中呕吐出去，只为换来一丝解脱。他渴望以一场巨大的呕吐，将所有的欢愉、所有的习性、这荒唐无意的生活，连同他自己一并抛洒、清空。,吃得太多、喝得太撑之人，想要将一切在痛苦中呕吐出去，只为换来一丝解脱。他渴望以一场巨大的呕吐，将所有的欢愉、所有的习性、这荒唐无意的生活，连同他自己一并抛,false,false,0.8851,1,0.8851,true,0.7993,0.9383,likely_duplicate,exp_v0_research_only_2026-10-02: high full/partial band,middle fragment partial overlap
C0372_A5_partial_overlap,16,2,synthetic:2:0,2,synthetic:2:0,A5_partial_overlap,AMBIGUOUS,他深深陷入了轮回之流，四面八方的厌恶与死亡被他吸收殆尽，就像一块吸满了水的海绵。他满是倦怠，满是苦痛，满是死亡。,了轮回之流，四面八方的厌恶与死亡被他吸收殆尽，就像一块吸满了水的海绵。他满是倦怠，满是苦痛，,false,false,0.8214,1,0.8214,true,0.81,0.9,likely_duplicate,exp_v0_research_only_2026-10-02: high full/partial band,middle fragment partial overlap
C0373_A5_partial_overlap,63,4,synthetic:4:1,4,synthetic:4:1,A5_partial_overlap,AMBIGUOUS,他们决定，他们将在这里，在厨房里等到天黑。弗塔基把一把椅子拉到窗户跟前，眼睛盯着街对面的房子。施密特的困意上来了，趴在桌子上开始打起呼噜，妇人则从餐具柜后面拉出一只带铁箍的军用木箱，掸掉上面的灰尘，将箱子里面也擦拭干净，随后开始一声不响往箱子里装他们的衣物。,他们将在这里，在厨房里等到天黑。弗塔基把一把椅子拉到窗户跟前，眼睛盯着街对面的房子。施密特的困意上来了，趴在桌子上开始打起呼噜，妇人则从餐具柜后面拉出一只带铁箍的军用木箱，掸掉上面的灰尘，将箱子里面也擦拭干净，随后开始一声不响往箱子里装他,false,false,0.9225,1,0.9225,true,0.8639,0.9593,likely_duplicate,exp_v0_research_only_2026-10-02: high full/partial band,middle fragment partial overlap
C0374_A5_partial_overlap,66,4,synthetic:4:1,4,synthetic:4:1,A5_partial_overlap,AMBIGUOUS,"施密特从风雨衣的内侧口袋里掏出一个用麻绳捆着、塞得鼓鼓囊囊、已被汗水浸湿的信封。""等一下，""施密特夫人喊住丈夫，迅速用一块搌布把桌面擦干净，""现在行了。""","雨衣的内侧口袋里掏出一个用麻绳捆着、塞得鼓鼓囊囊、已被汗水浸湿的信封。""等一下，""施密特夫人喊住丈夫，迅速用一块搌布把桌面擦干净，""现",false,false,0.8816,1,0.8816,true,0.9605,0.9362,likely_duplicate,exp_v0_research_only_2026-10-02: high full/partial band,middle fragment partial overlap
C0375_A5_partial_overlap,192,7,synthetic:7:4,7,synthetic:7:4,A5_partial_overlap,AMBIGUOUS,因此，这位主人公所具有的双重身份就显得意味深长：“他既是时代的控诉者，又是被时代和历史所控诉的对象。”,主人公所具有的双重身份就显得意味深长：“他既是时代的控诉者，又是被时代和历史所控诉,false,false,0.82,1,0.82,true,0.94,0.8989,likely_duplicate,exp_v0_research_only_2026-10-02: high full/partial band,middle fragment partial overlap
C0376_A5_partial_overlap,217,7,synthetic:7:5,7,synthetic:7:5,A5_partial_overlap,AMBIGUOUS,这种笔调胜过千言万语的辩解，瞬间就让他们明白，对于“昨日那些不堪回首的往事”，我持一种超然物外的态度。我绝非如诸位所想象的那般被打击得魂飞魄散，相反，我以一个懂得自重的绅士所应有的从容与淡定来看待此事。,过千言万语的辩解，瞬间就让他们明白，对于“昨日那些不堪回首的往事”，我持一种超然物外的态度。我绝非如诸位所想象的那般被打击得魂飞魄散，相反，我以一个懂得自重的绅士所应有的从容与淡定来,false,false,0.901,1,0.901,true,0.8974,0.9474,likely_duplicate,exp_v0_research_only_2026-10-02: high full/partial band,middle fragment partial overlap
